latitude,longitude,inside_bangladesh,month,n_years,mk_S,mk_Z,p_value,sen_slope_c_per_decade,lag1_r,prewhitened,p_value_tfpw,significant_p05,significant_fdr05,significant_fdr05_tfpw
20.5,88.125,False,January,25,26,0.5839,0.559305,0.1079,-0.3254,False,0.559305,False,False,False
20.5,88.125,False,February,25,-19,-0.4205,0.674117,-0.0681,-0.1132,False,0.674117,False,False,False
20.5,88.125,False,March,25,11,0.2336,0.815285,0.0244,0.0251,False,0.815285,False,False,False
20.5,88.125,False,April,25,40,0.9108,0.362378,0.1417,-0.1667,False,0.362378,False,False,False
20.5,88.125,False,May,25,7,0.1402,0.888467,0.0111,0.0212,False,0.888467,False,False,False
20.5,88.125,False,June,25,52,1.1918,0.233358,0.1618,-0.0957,False,0.233358,False,False,False
20.5,88.125,False,July,25,121,2.8049,0.005033,0.2551,-0.1215,False,0.005033,True,True,True
20.5,88.125,False,August,25,182,4.235,2.3e-05,0.4268,-0.1105,False,2.3e-05,True,True,True
20.5,88.125,False,September,25,187,4.3452,1.4e-05,0.35,-0.4604,True,1.8e-05,True,True,True
20.5,88.125,False,October,25,116,2.6892,0.007161,0.2731,-0.0826,False,0.007161,True,True,True
20.5,88.125,False,November,25,39,0.8877,0.374685,0.1,0.0509,False,0.374685,False,False,False
20.5,88.125,False,December,25,12,0.2569,0.797252,0.0387,-0.1392,False,0.797252,False,False,False
20.5,88.125,False,Annual,25,119,2.7581,0.005813,0.1489,0.1363,False,0.005813,True,True,True
20.5,88.75,False,January,25,28,0.6306,0.528312,0.1038,-0.3975,True,0.980211,False,False,False
20.5,88.75,False,February,25,-12,-0.257,0.797144,-0.05,-0.1357,False,0.797144,False,False,False
20.5,88.75,False,March,25,7,0.1402,0.888527,0.0294,0.0134,False,0.888527,False,False,False
20.5,88.75,False,April,25,51,1.1681,0.24278,0.1829,-0.1852,False,0.24278,False,False,False
20.5,88.75,False,May,25,24,0.5375,0.590952,0.055,-0.0656,False,0.590952,False,False,False
20.5,88.75,False,June,25,62,1.4254,0.154033,0.1429,-0.1159,False,0.154033,False,False,False
20.5,88.75,False,July,25,125,2.9005,0.003726,0.2218,0.0062,False,0.003726,True,True,True
20.5,88.75,False,August,25,159,3.6911,0.000223,0.4,-0.1045,False,0.000223,True,True,True
20.5,88.75,False,September,25,180,4.1828,2.9e-05,0.3449,-0.44,True,1.4e-05,True,True,True
20.5,88.75,False,October,25,131,3.037,0.00239,0.2944,-0.0926,False,0.00239,True,True,True
20.5,88.75,False,November,25,53,1.2155,0.224193,0.1439,-0.0017,False,0.224193,False,False,False
20.5,88.75,False,December,25,37,0.8415,0.400086,0.0958,-0.0999,False,0.400086,False,False,False
20.5,88.75,False,Annual,25,122,2.8275,0.004691,0.1622,0.1476,False,0.004691,True,True,True
20.5,89.375,False,January,25,43,0.9822,0.325977,0.1243,-0.2957,False,0.325977,False,False,False
20.5,89.375,False,February,25,-5,-0.0935,0.925496,-0.0183,-0.1228,False,0.925496,False,False,False
20.5,89.375,False,March,25,12,0.2569,0.797252,0.0481,-0.0077,False,0.797252,False,False,False
20.5,89.375,False,April,25,58,1.332,0.182873,0.2176,-0.2438,False,0.182873,False,False,False
20.5,89.375,False,May,25,42,0.9581,0.338024,0.0718,-0.1783,False,0.338024,False,False,False
20.5,89.375,False,June,25,69,1.5886,0.112157,0.1674,-0.1843,False,0.112157,False,False,False
20.5,89.375,False,July,25,125,2.8968,0.00377,0.2665,0.1175,False,0.00377,True,True,True
20.5,89.375,False,August,25,147,3.4126,0.000643,0.3739,-0.0193,False,0.000643,True,True,True
20.5,89.375,False,September,25,191,4.4411,9e-06,0.3533,-0.343,False,9e-06,True,True,True
20.5,89.375,False,October,25,130,3.0144,0.002575,0.3,-0.1078,False,0.002575,True,True,True
20.5,89.375,False,November,25,67,1.5418,0.12311,0.1561,-0.0032,False,0.12311,False,False,False
20.5,89.375,False,December,25,23,0.5139,0.607287,0.0655,-0.0518,False,0.607287,False,False,False
20.5,89.375,False,Annual,25,123,2.8501,0.004371,0.1777,0.1419,False,0.004371,True,True,True
20.5,90.0,False,January,25,35,0.7943,0.427029,0.1127,-0.1274,False,0.427029,False,False,False
20.5,90.0,False,February,25,-3,-0.0467,0.962734,-0.0088,-0.0686,False,0.962734,False,False,False
20.5,90.0,False,March,25,17,0.3738,0.708567,0.05,-0.0383,False,0.708567,False,False,False
20.5,90.0,False,April,25,59,1.3557,0.175195,0.1977,-0.2554,False,0.175195,False,False,False
20.5,90.0,False,May,25,48,1.0983,0.272081,0.1079,-0.248,False,0.272081,False,False,False
20.5,90.0,False,June,25,77,1.7755,0.075822,0.185,-0.2247,False,0.075822,False,False,False
20.5,90.0,False,July,25,127,2.9467,0.003211,0.3059,0.1519,False,0.003211,True,True,True
20.5,90.0,False,August,25,147,3.4132,0.000642,0.4,0.0239,False,0.000642,True,True,True
20.5,90.0,False,September,25,186,4.323,1.5e-05,0.35,-0.2488,False,1.5e-05,True,True,True
20.5,90.0,False,October,25,138,3.2037,0.001357,0.2806,-0.0836,False,0.001357,True,True,True
20.5,90.0,False,November,25,73,1.682,0.092566,0.1641,0.0614,False,0.092566,False,False,False
20.5,90.0,False,December,25,19,0.4205,0.674117,0.0688,0.105,False,0.674117,False,False,False
20.5,90.0,False,Annual,25,126,2.921,0.003489,0.1919,0.1533,False,0.003489,True,True,True
20.5,90.625,False,January,25,17,0.3738,0.708567,0.0578,-0.0426,False,0.708567,False,False,False
20.5,90.625,False,February,25,-1,0.0,1.0,0.0,-0.0169,False,1.0,False,False,False
20.5,90.625,False,March,25,17,0.3738,0.708567,0.0483,-0.0735,False,0.708567,False,False,False
20.5,90.625,False,April,25,63,1.4484,0.147504,0.2,-0.2357,False,0.147504,False,False,False
20.5,90.625,False,May,25,55,1.2622,0.206876,0.1063,-0.2277,False,0.206876,False,False,False
20.5,90.625,False,June,25,83,1.9167,0.055279,0.21,-0.2708,False,0.055279,False,False,False
20.5,90.625,False,July,25,127,2.9435,0.003245,0.3025,0.1337,False,0.003245,True,True,True
20.5,90.625,False,August,25,155,3.5976,0.000321,0.4354,0.0289,False,0.000321,True,True,True
20.5,90.625,False,September,25,187,4.3476,1.4e-05,0.3696,-0.2,False,1.4e-05,True,True,True
20.5,90.625,False,October,25,133,3.0854,0.002033,0.2881,-0.1198,False,0.002033,True,True,True
20.5,90.625,False,November,25,102,2.3601,0.018268,0.2163,0.0658,False,0.018268,True,False,False
20.5,90.625,False,December,25,26,0.5842,0.559091,0.0967,0.1733,False,0.559091,False,False,False
20.5,90.625,False,Annual,25,122,2.8275,0.004691,0.187,0.1553,False,0.004691,True,True,True
20.5,91.25,False,January,25,-3,-0.0467,0.962734,-0.0159,-0.1197,False,0.962734,False,False,False
20.5,91.25,False,February,25,-18,-0.3973,0.691182,-0.0834,0.0113,False,0.691182,False,False,False
20.5,91.25,False,March,25,7,0.1402,0.888527,0.0234,-0.1088,False,0.888527,False,False,False
20.5,91.25,False,April,25,57,1.3082,0.190794,0.2077,-0.1925,False,0.190794,False,False,False
20.5,91.25,False,May,25,71,1.6353,0.101987,0.1456,-0.2434,False,0.101987,False,False,False
20.5,91.25,False,June,25,84,1.9406,0.052309,0.231,-0.3335,False,0.052309,False,False,False
20.5,91.25,False,July,25,142,3.2948,0.000985,0.3188,0.102,False,0.000985,True,True,True
20.5,91.25,False,August,25,145,3.3659,0.000763,0.3912,0.0304,False,0.000763,True,True,True
20.5,91.25,False,September,25,199,4.6255,4e-06,0.3826,-0.2354,False,4e-06,True,True,True
20.5,91.25,False,October,25,131,3.0386,0.002377,0.2679,-0.1015,False,0.002377,True,True,True
20.5,91.25,False,November,25,139,3.2239,0.001265,0.2964,0.0101,False,0.001265,True,True,True
20.5,91.25,False,December,25,48,1.0977,0.272343,0.1523,0.166,False,0.272343,False,False,False
20.5,91.25,False,Annual,25,138,3.2014,0.001368,0.194,0.1127,False,0.001368,True,True,True
20.5,91.875,False,January,25,17,0.374,0.708415,0.0441,-0.2963,False,0.708415,False,False,False
20.5,91.875,False,February,25,-38,-0.8646,0.387255,-0.1122,-0.0217,False,0.387255,False,False,False
20.5,91.875,False,March,25,2,0.0234,0.981357,0.0038,-0.1014,False,0.981357,False,False,False
20.5,91.875,False,April,25,58,1.3312,0.183112,0.2083,-0.1271,False,0.183112,False,False,False
20.5,91.875,False,May,25,88,2.033,0.042053,0.2354,-0.3805,False,0.042053,True,False,False
20.5,91.875,False,June,25,90,2.0786,0.037655,0.2155,-0.3723,False,0.037655,True,False,False
20.5,91.875,False,July,25,152,3.5285,0.000418,0.3578,0.1209,False,0.000418,True,True,True
20.5,91.875,False,August,25,155,3.5976,0.000321,0.4139,0.0602,False,0.000321,True,True,True
20.5,91.875,False,September,25,206,4.7904,2e-06,0.4,-0.2351,False,2e-06,True,True,True
20.5,91.875,False,October,25,153,3.5529,0.000381,0.2667,-0.0962,False,0.000381,True,True,True
20.5,91.875,False,November,25,158,3.6687,0.000244,0.3914,-0.0578,False,0.000244,True,True,True
20.5,91.875,False,December,25,69,1.5886,0.112157,0.2743,0.1492,False,0.112157,False,False,False
20.5,91.875,False,Annual,25,147,3.4126,0.000643,0.2243,0.079,False,0.000643,True,True,True
20.5,92.5,False,January,25,-57,-1.3092,0.190471,-0.3133,-0.4087,True,0.0059,False,False,True
20.5,92.5,False,February,25,-80,-1.845,0.065031,-0.4508,-0.0871,False,0.065031,False,False,False
20.5,92.5,False,March,25,-38,-0.8646,0.387255,-0.1543,-0.131,False,0.387255,False,False,False
20.5,92.5,False,April,25,-27,-0.6077,0.543369,-0.1029,-0.0331,False,0.543369,False,False,False
20.5,92.5,False,May,25,-6,-0.1168,0.906988,-0.0162,-0.4385,True,0.535185,False,False,False
20.5,92.5,False,June,25,8,0.1637,0.869973,0.0117,-0.3619,False,0.869973,False,False,False
20.5,92.5,False,July,25,101,2.3361,0.019484,0.2573,0.2838,False,0.019484,True,False,False
20.5,92.5,False,August,25,104,2.4086,0.016013,0.2586,0.0455,False,0.016013,True,False,False
20.5,92.5,False,September,25,154,3.5838,0.000339,0.2667,0.0067,False,0.000339,True,True,True
20.5,92.5,False,October,25,75,1.7287,0.083856,0.2124,-0.0836,False,0.083856,False,False,False
20.5,92.5,False,November,25,103,2.3842,0.017118,0.3118,0.0578,False,0.017118,True,False,False
20.5,92.5,False,December,25,7,0.1403,0.888447,0.0134,0.2605,False,0.888447,False,False,False
20.5,92.5,False,Annual,25,27,0.6074,0.543589,0.0376,0.0801,False,0.543589,False,False,False
21.0,88.125,False,January,25,-33,-0.7476,0.454724,-0.0845,-0.2639,False,0.454724,False,False,False
21.0,88.125,False,February,25,-42,-0.9581,0.338024,-0.155,-0.0692,False,0.338024,False,False,False
21.0,88.125,False,March,25,4,0.0701,0.944112,0.0063,0.0376,False,0.944112,False,False,False
21.0,88.125,False,April,25,37,0.841,0.400343,0.1261,-0.1705,False,0.400343,False,False,False
21.0,88.125,False,May,25,41,0.9345,0.35007,0.0828,0.0175,False,0.35007,False,False,False
21.0,88.125,False,June,25,76,1.7526,0.079674,0.2191,-0.0436,False,0.079674,False,False,False
21.0,88.125,False,July,25,155,3.5976,0.000321,0.3224,-0.1675,False,0.000321,True,True,True
21.0,88.125,False,August,25,195,4.5321,6e-06,0.4232,-0.1204,False,6e-06,True,True,True
21.0,88.125,False,September,25,187,4.3476,1.4e-05,0.4,-0.4015,True,1.1e-05,True,True,True
21.0,88.125,False,October,25,117,2.7099,0.00673,0.2691,-0.0847,False,0.00673,True,True,True
21.0,88.125,False,November,25,24,0.5372,0.591154,0.0748,0.0704,False,0.591154,False,False,False
21.0,88.125,False,December,25,-53,-1.2148,0.224446,-0.1427,-0.2211,False,0.224446,False,False,False
21.0,88.125,False,Annual,25,111,2.573,0.010081,0.1129,0.205,False,0.010081,True,True,True
21.0,88.75,False,January,25,-6,-0.1168,0.906988,-0.0155,-0.3115,False,0.906988,False,False,False
21.0,88.75,False,February,25,-39,-0.8877,0.374685,-0.1329,-0.1149,False,0.374685,False,False,False
21.0,88.75,False,March,25,-11,-0.2336,0.815285,-0.0187,0.0103,False,0.815285,False,False,False
21.0,88.75,False,April,25,47,1.0746,0.282544,0.1716,-0.1703,False,0.282544,False,False,False
21.0,88.75,False,May,25,49,1.122,0.261881,0.0817,-0.0187,False,0.261881,False,False,False
21.0,88.75,False,June,25,71,1.6353,0.101987,0.2124,-0.0968,False,0.101987,False,False,False
21.0,88.75,False,July,25,165,3.8334,0.000126,0.2917,-0.0174,False,0.000126,True,True,True
21.0,88.75,False,August,25,192,4.4632,8e-06,0.4279,-0.1179,False,8e-06,True,True,True
21.0,88.75,False,September,25,197,4.5788,5e-06,0.3778,-0.4132,True,2e-06,True,True,True
21.0,88.75,False,October,25,126,2.921,0.003489,0.2882,-0.1012,False,0.003489,True,True,True
21.0,88.75,False,November,25,47,1.0746,0.282544,0.1153,0.0478,False,0.282544,False,False,False
21.0,88.75,False,December,25,-29,-0.6541,0.513036,-0.076,-0.1617,False,0.513036,False,False,False
21.0,88.75,False,Annual,25,117,2.7134,0.00666,0.1317,0.1975,False,0.00666,True,True,True
21.0,89.375,False,January,25,15,0.3271,0.743623,0.05,-0.3223,False,0.743623,False,False,False
21.0,89.375,False,February,25,-30,-0.6777,0.497985,-0.0969,-0.1323,False,0.497985,False,False,False
21.0,89.375,False,March,25,-11,-0.2337,0.815186,-0.0432,-0.0279,False,0.815186,False,False,False
21.0,89.375,False,April,25,48,1.0977,0.272343,0.1871,-0.194,False,0.272343,False,False,False
21.0,89.375,False,May,25,56,1.2859,0.198469,0.0823,-0.1148,False,0.198469,False,False,False
21.0,89.375,False,June,25,77,1.7755,0.075822,0.2339,-0.1595,False,0.075822,False,False,False
21.0,89.375,False,July,25,151,3.5042,0.000458,0.3134,0.1333,False,0.000458,True,True,True
21.0,89.375,False,August,25,169,3.9247,8.7e-05,0.4261,-0.0318,False,8.7e-05,True,True,True
21.0,89.375,False,September,25,211,4.9086,1e-06,0.3916,-0.3701,False,1e-06,True,True,True
21.0,89.375,False,October,25,128,2.9693,0.002985,0.2971,-0.1337,False,0.002985,True,True,True
21.0,89.375,False,November,25,55,1.2622,0.206876,0.1115,0.0473,False,0.206876,False,False,False
21.0,89.375,False,December,25,-4,-0.0701,0.944112,-0.011,-0.0773,False,0.944112,False,False,False
21.0,89.375,False,Annual,25,124,2.8758,0.00403,0.1573,0.1716,False,0.00403,True,True,True
21.0,90.0,False,January,25,13,0.2803,0.77922,0.0458,-0.1939,False,0.77922,False,False,False
21.0,90.0,False,February,25,-14,-0.3036,0.761422,-0.06,-0.0968,False,0.761422,False,False,False
21.0,90.0,False,March,25,-7,-0.1402,0.888527,-0.0286,-0.0602,False,0.888527,False,False,False
21.0,90.0,False,April,25,54,1.2385,0.215535,0.184,-0.1925,False,0.215535,False,False,False
21.0,90.0,False,May,25,43,0.9812,0.326506,0.0989,-0.206,False,0.326506,False,False,False
21.0,90.0,False,June,25,80,1.846,0.064885,0.2487,-0.1968,False,0.064885,False,False,False
21.0,90.0,False,July,25,140,3.2463,0.001169,0.3414,0.1633,False,0.001169,True,True,True
21.0,90.0,False,August,25,164,3.8069,0.000141,0.4549,0.0148,False,0.000141,True,True,True
21.0,90.0,False,September,25,212,4.9306,1e-06,0.4,-0.3116,False,1e-06,True,True,True
21.0,90.0,False,October,25,137,3.1812,0.001467,0.2727,-0.109,False,0.001467,True,True,True
21.0,90.0,False,November,25,64,1.4722,0.140976,0.1411,0.0716,False,0.140976,False,False,False
21.0,90.0,False,December,25,-21,-0.4672,0.640338,-0.0433,0.0858,False,0.640338,False,False,False
21.0,90.0,False,Annual,25,121,2.8085,0.004978,0.1714,0.1614,False,0.004978,True,True,True
21.0,90.625,False,January,25,-8,-0.1636,0.870066,-0.0214,-0.172,False,0.870066,False,False,False
21.0,90.625,False,February,25,-31,-0.7008,0.483403,-0.1103,-0.0743,False,0.483403,False,False,False
21.0,90.625,False,March,25,-3,-0.0467,0.962714,-0.01,-0.0913,False,0.962714,False,False,False
21.0,90.625,False,April,25,52,1.1911,0.233613,0.1746,-0.1967,False,0.233613,False,False,False
21.0,90.625,False,May,25,49,1.122,0.261881,0.0804,-0.2093,False,0.261881,False,False,False
21.0,90.625,False,June,25,80,1.845,0.065031,0.2515,-0.2535,False,0.065031,False,False,False
21.0,90.625,False,July,25,147,3.4108,0.000648,0.3732,0.1403,False,0.000648,True,True,True
21.0,90.625,False,August,25,164,3.8117,0.000138,0.5342,0.0978,False,0.000138,True,True,True
21.0,90.625,False,September,25,207,4.8151,1e-06,0.4098,-0.2101,False,1e-06,True,True,True
21.0,90.625,False,October,25,124,2.8758,0.00403,0.2667,-0.1216,False,0.00403,True,True,True
21.0,90.625,False,November,25,79,1.8232,0.068276,0.1778,0.0827,False,0.068276,False,False,False
21.0,90.625,False,December,25,-17,-0.3743,0.708212,-0.0244,0.1872,False,0.708212,False,False,False
21.0,90.625,False,Annual,25,117,2.7114,0.0067,0.1641,0.1169,False,0.0067,True,True,True
21.0,91.25,False,January,25,-20,-0.4437,0.657227,-0.1092,-0.2727,False,0.657227,False,False,False
21.0,91.25,False,February,25,-40,-0.9108,0.362378,-0.1825,-0.0598,False,0.362378,False,False,False
21.0,91.25,False,March,25,-23,-0.5139,0.607287,-0.0436,-0.12,False,0.607287,False,False,False
21.0,91.25,False,April,25,49,1.1213,0.262141,0.183,-0.2088,False,0.262141,False,False,False
21.0,91.25,False,May,25,63,1.4492,0.147283,0.1408,-0.2778,False,0.147283,False,False,False
21.0,91.25,False,June,25,79,1.8245,0.068075,0.3,-0.3435,False,0.068075,False,False,False
21.0,91.25,False,July,25,154,3.5753,0.00035,0.3694,0.1223,False,0.00035,True,True,True
21.0,91.25,False,August,25,155,3.5976,0.000321,0.4845,0.0365,False,0.000321,True,True,True
21.0,91.25,False,September,25,206,4.7904,2e-06,0.4456,-0.1969,False,2e-06,True,True,True
21.0,91.25,False,October,25,109,2.5244,0.01159,0.2314,-0.1236,False,0.01159,True,True,True
21.0,91.25,False,November,25,115,2.6632,0.00774,0.25,0.0095,False,0.00774,True,True,True
21.0,91.25,False,December,25,12,0.257,0.797144,0.041,0.2535,False,0.797144,False,False,False
21.0,91.25,False,Annual,25,121,2.8034,0.005057,0.1739,0.077,False,0.005057,True,True,True
21.0,91.875,False,January,25,12,0.2569,0.797252,0.0333,-0.4142,True,0.535185,False,False,False
21.0,91.875,False,February,25,-42,-0.9576,0.338288,-0.2167,-0.061,False,0.338288,False,False,False
21.0,91.875,False,March,25,-23,-0.5139,0.607287,-0.105,-0.1316,False,0.607287,False,False,False
21.0,91.875,False,April,25,40,0.9113,0.362116,0.1376,-0.1075,False,0.362116,False,False,False
21.0,91.875,False,May,25,63,1.4495,0.14721,0.1674,-0.4499,True,0.143342,False,False,False
21.0,91.875,False,June,25,99,2.2907,0.021983,0.2446,-0.3228,False,0.021983,True,False,False
21.0,91.875,False,July,25,154,3.5753,0.00035,0.395,0.1642,False,0.00035,True,True,True
21.0,91.875,False,August,25,150,3.4837,0.000495,0.4414,-0.0083,False,0.000495,True,True,True
21.0,91.875,False,September,25,206,4.7904,2e-06,0.4182,-0.1256,False,2e-06,True,True,True
21.0,91.875,False,October,25,109,2.5262,0.011529,0.2561,-0.0945,False,0.011529,True,True,True
21.0,91.875,False,November,25,151,3.5042,0.000458,0.3858,0.0058,False,0.000458,True,True,True
21.0,91.875,False,December,25,57,1.3082,0.190794,0.2657,0.2723,False,0.190794,False,False,False
21.0,91.875,False,Annual,25,141,3.2706,0.001073,0.2,0.0241,False,0.001073,True,True,True
21.0,92.5,False,January,25,-92,-2.1253,0.033561,-0.7305,-0.289,False,0.033561,True,False,False
21.0,92.5,False,February,25,-103,-2.3829,0.017179,-0.6857,-0.0022,False,0.017179,True,False,False
21.0,92.5,False,March,25,-52,-1.1911,0.233613,-0.285,-0.0991,False,0.233613,False,False,False
21.0,92.5,False,April,25,-54,-1.2385,0.215535,-0.389,0.0102,False,0.215535,False,False,False
21.0,92.5,False,May,25,-78,-1.7983,0.072124,-0.3243,-0.2565,False,0.072124,False,False,False
21.0,92.5,False,June,25,-72,-1.6582,0.097277,-0.2323,-0.1068,False,0.097277,False,False,False
21.0,92.5,False,July,25,62,1.4254,0.154033,0.1485,0.2907,False,0.154033,False,False,False
21.0,92.5,False,August,25,44,1.0068,0.314017,0.1,0.2001,False,0.314017,False,False,False
21.0,92.5,False,September,25,62,1.4254,0.154033,0.1449,-0.0639,False,0.154033,False,False,False
21.0,92.5,False,October,25,35,0.7943,0.427029,0.1279,0.0553,False,0.427029,False,False,False
21.0,92.5,False,November,25,73,1.682,0.092566,0.2662,0.1032,False,0.092566,False,False,False
21.0,92.5,False,December,25,-18,-0.3975,0.690969,-0.0817,0.1857,False,0.690969,False,False,False
21.0,92.5,False,Annual,25,-63,-1.4492,0.147283,-0.1184,0.2722,False,0.147283,False,False,False
21.5,88.125,False,January,25,-36,-0.8174,0.413686,-0.1944,-0.2812,False,0.413686,False,False,False
21.5,88.125,False,February,25,-52,-1.1911,0.233613,-0.3,-0.0374,False,0.233613,False,False,False
21.5,88.125,False,March,25,-28,-0.6309,0.528087,-0.1442,-0.1055,False,0.528087,False,False,False
21.5,88.125,False,April,25,34,0.7707,0.440876,0.1402,-0.0851,False,0.440876,False,False,False
21.5,88.125,False,May,25,21,0.4672,0.640338,0.045,-0.1094,False,0.640338,False,False,False
21.5,88.125,False,June,25,83,1.9202,0.054836,0.2578,-0.082,False,0.054836,False,False,False
21.5,88.125,False,July,25,156,3.622,0.000292,0.3369,-0.1976,False,0.000292,True,True,True
21.5,88.125,False,August,25,197,4.5788,5e-06,0.4,-0.1215,False,5e-06,True,True,True
21.5,88.125,False,September,25,189,4.3975,1.1e-05,0.4092,-0.2971,False,1.1e-05,True,True,True
21.5,88.125,False,October,25,116,2.6858,0.007235,0.3099,-0.1162,False,0.007235,True,True,True
21.5,88.125,False,November,25,-20,-0.4437,0.657227,-0.0492,0.044,False,0.657227,False,False,False
21.5,88.125,False,December,25,-78,-1.7993,0.071969,-0.2739,-0.3508,False,0.071969,False,False,False
21.5,88.125,False,Annual,25,35,0.7953,0.42644,0.0456,0.1585,False,0.42644,False,False,False
21.5,88.75,False,January,25,-13,-0.2805,0.779102,-0.0488,-0.3096,False,0.779102,False,False,False
21.5,88.75,False,February,25,-57,-1.3082,0.190794,-0.3354,-0.0778,False,0.190794,False,False,False
21.5,88.75,False,March,25,-27,-0.6074,0.543589,-0.1515,-0.1066,False,0.543589,False,False,False
21.5,88.75,False,April,25,52,1.1911,0.233613,0.1875,-0.0755,False,0.233613,False,False,False
21.5,88.75,False,May,25,35,0.7943,0.427029,0.0633,-0.1252,False,0.427029,False,False,False
21.5,88.75,False,June,25,73,1.682,0.092566,0.1975,-0.1163,False,0.092566,False,False,False
21.5,88.75,False,July,25,157,3.6444,0.000268,0.3211,-0.0669,False,0.000268,True,True,True
21.5,88.75,False,August,25,196,4.5567,5e-06,0.4,-0.1416,False,5e-06,True,True,True
21.5,88.75,False,September,25,196,4.5567,5e-06,0.3967,-0.2757,False,5e-06,True,True,True
21.5,88.75,False,October,25,128,2.9693,0.002985,0.3559,-0.1417,False,0.002985,True,True,True
21.5,88.75,False,November,25,23,0.5139,0.607287,0.1045,0.094,False,0.607287,False,False,False
21.5,88.75,False,December,25,-17,-0.3738,0.708567,-0.0756,-0.338,False,0.708567,False,False,False
21.5,88.75,False,Annual,25,69,1.5886,0.112157,0.1,0.125,False,0.112157,False,False,False
21.5,89.375,False,January,25,-1,0.0,1.0,-0.0048,-0.3381,False,1.0,False,False,False
21.5,89.375,False,February,25,-55,-1.2615,0.207124,-0.3465,-0.0782,False,0.207124,False,False,False
21.5,89.375,False,March,25,-33,-0.7476,0.454724,-0.1275,-0.0995,False,0.454724,False,False,False
21.5,89.375,False,April,25,41,0.9345,0.35007,0.1567,-0.0859,False,0.35007,False,False,False
21.5,89.375,False,May,25,46,1.0521,0.292744,0.1,-0.1513,False,0.292744,False,False,False
21.5,89.375,False,June,25,73,1.682,0.092566,0.2106,-0.1513,False,0.092566,False,False,False
21.5,89.375,False,July,25,167,3.878,0.000105,0.3468,0.0565,False,0.000105,True,True,True
21.5,89.375,False,August,25,186,4.3207,1.6e-05,0.4658,-0.1116,False,1.6e-05,True,True,True
21.5,89.375,False,September,25,211,4.9086,1e-06,0.416,-0.2345,False,1e-06,True,True,True
21.5,89.375,False,October,25,133,3.0876,0.002018,0.353,-0.1711,False,0.002018,True,True,True
21.5,89.375,False,November,25,38,0.8641,0.387514,0.1408,0.1478,False,0.387514,False,False,False
21.5,89.375,False,December,25,-22,-0.4911,0.62337,-0.1198,-0.2086,False,0.62337,False,False,False
21.5,89.375,False,Annual,25,96,2.2211,0.026341,0.1332,0.1374,False,0.026341,True,False,False
21.5,90.0,False,January,25,-26,-0.5842,0.559091,-0.0592,-0.2644,False,0.559091,False,False,False
21.5,90.0,False,February,25,-47,-1.0752,0.282281,-0.2421,-0.0744,False,0.282281,False,False,False
21.5,90.0,False,March,25,-23,-0.5139,0.607287,-0.0986,-0.0863,False,0.607287,False,False,False
21.5,90.0,False,April,25,56,1.2859,0.198469,0.1742,-0.1224,False,0.198469,False,False,False
21.5,90.0,False,May,25,67,1.543,0.122838,0.1194,-0.2083,False,0.122838,False,False,False
21.5,90.0,False,June,25,83,1.9167,0.055279,0.27,-0.1544,False,0.055279,False,False,False
21.5,90.0,False,July,25,163,3.7845,0.000154,0.3563,0.1303,False,0.000154,True,True,True
21.5,90.0,False,August,25,179,4.1583,3.2e-05,0.5219,-0.1563,False,3.2e-05,True,True,True
21.5,90.0,False,September,25,217,5.0525,0.0,0.44,-0.2346,False,0.0,True,True,True
21.5,90.0,False,October,25,132,3.0612,0.002205,0.3194,-0.1793,False,0.002205,True,True,True
21.5,90.0,False,November,25,41,0.9345,0.35007,0.1063,0.1579,False,0.35007,False,False,False
21.5,90.0,False,December,25,-62,-1.4254,0.154033,-0.1838,0.008,False,0.154033,False,False,False
21.5,90.0,False,Annual,25,107,2.4795,0.013158,0.1456,0.1339,False,0.013158,True,False,False
21.5,90.625,False,January,25,-64,-1.4722,0.140976,-0.2293,-0.2266,False,0.140976,False,False,False
21.5,90.625,False,February,25,-55,-1.2615,0.207124,-0.2697,-0.0334,False,0.207124,False,False,False
21.5,90.625,False,March,25,-11,-0.2336,0.815285,-0.0527,-0.0971,False,0.815285,False,False,False
21.5,90.625,False,April,25,60,1.3779,0.168221,0.1927,-0.1635,False,0.168221,False,False,False
21.5,90.625,False,May,25,71,1.6371,0.101613,0.1757,-0.2876,False,0.101613,False,False,False
21.5,90.625,False,June,25,97,2.2427,0.024917,0.2708,-0.167,False,0.024917,True,False,False
21.5,90.625,False,July,25,163,3.7873,0.000152,0.4142,0.1528,False,0.000152,True,True,True
21.5,90.625,False,August,25,180,4.1828,2.9e-05,0.577,-0.1372,False,2.9e-05,True,True,True
21.5,90.625,False,September,25,219,5.0956,0.0,0.4523,-0.2293,False,0.0,True,True,True
21.5,90.625,False,October,25,109,2.523,0.011635,0.2822,-0.1624,False,0.011635,True,True,True
21.5,90.625,False,November,25,56,1.2859,0.198469,0.15,0.1324,False,0.198469,False,False,False
21.5,90.625,False,December,25,-60,-1.3787,0.167989,-0.1419,0.132,False,0.167989,False,False,False
21.5,90.625,False,Annual,25,105,2.4309,0.015061,0.15,0.1108,False,0.015061,True,False,False
21.5,91.25,False,January,25,-52,-1.1926,0.233017,-0.2372,-0.2342,False,0.233017,False,False,False
21.5,91.25,False,February,25,-60,-1.3779,0.168221,-0.29,-0.0206,False,0.168221,False,False,False
21.5,91.25,False,March,25,-15,-0.3271,0.743623,-0.0563,-0.1124,False,0.743623,False,False,False
21.5,91.25,False,April,25,57,1.3082,0.190794,0.2139,-0.1724,False,0.190794,False,False,False
21.5,91.25,False,May,25,78,1.7993,0.071969,0.2,-0.3836,False,0.071969,False,False,False
21.5,91.25,False,June,25,125,2.8968,0.00377,0.3145,-0.2555,False,0.00377,True,True,True
21.5,91.25,False,July,25,164,3.8089,0.00014,0.4633,0.173,False,0.00014,True,True,True
21.5,91.25,False,August,25,167,3.8801,0.000104,0.5595,-0.0687,False,0.000104,True,True,True
21.5,91.25,False,September,25,230,5.3512,0.0,0.475,-0.1768,False,0.0,True,True,True
21.5,91.25,False,October,25,89,2.0569,0.039694,0.2333,-0.1564,False,0.039694,True,False,False
21.5,91.25,False,November,25,90,2.0786,0.037655,0.2211,0.0218,False,0.037655,True,False,False
21.5,91.25,False,December,25,-20,-0.444,0.657052,-0.0633,0.2174,False,0.657052,False,False,False
21.5,91.25,False,Annual,25,124,2.8742,0.00405,0.1812,0.044,False,0.00405,True,True,True
21.5,91.875,False,January,25,-8,-0.1635,0.870137,-0.0349,-0.4189,True,0.503037,False,False,False
21.5,91.875,False,February,25,-62,-1.4247,0.154258,-0.3333,0.024,False,0.154258,False,False,False
21.5,91.875,False,March,25,-47,-1.0746,0.282544,-0.2419,-0.1759,False,0.282544,False,False,False
21.5,91.875,False,April,25,27,0.6074,0.543589,0.0688,-0.0786,False,0.543589,False,False,False
21.5,91.875,False,May,25,60,1.3797,0.167679,0.1642,-0.4075,True,0.205863,False,False,False
21.5,91.875,False,June,25,104,2.4126,0.01584,0.2458,-0.1889,False,0.01584,True,False,False
21.5,91.875,False,July,25,154,3.5753,0.00035,0.4,0.1993,False,0.00035,True,True,True
21.5,91.875,False,August,25,153,3.5529,0.000381,0.375,-0.0881,False,0.000381,True,True,True
21.5,91.875,False,September,25,196,4.5567,5e-06,0.4,-0.08,False,5e-06,True,True,True
21.5,91.875,False,October,25,95,2.196,0.028094,0.2928,-0.1237,False,0.028094,True,False,False
21.5,91.875,False,November,25,130,3.0144,0.002575,0.4,0.0895,False,0.002575,True,True,True
21.5,91.875,False,December,25,56,1.2845,0.198959,0.2503,0.1715,False,0.198959,False,False,False
21.5,91.875,False,Annual,25,127,2.9467,0.003211,0.1761,0.0345,False,0.003211,True,True,True
21.5,92.5,True,January,25,-66,-1.5181,0.128996,-0.6268,-0.3014,False,0.128996,False,False,False
21.5,92.5,True,February,25,-94,-2.172,0.029855,-0.6477,0.0935,False,0.029855,True,False,False
21.5,92.5,True,March,25,-49,-1.1213,0.262141,-0.2764,-0.1708,False,0.262141,False,False,False
21.5,92.5,True,April,25,-38,-0.8641,0.387514,-0.2367,-0.0833,False,0.387514,False,False,False
21.5,92.5,True,May,25,-50,-1.1444,0.252461,-0.205,-0.0913,False,0.252461,False,False,False
21.5,92.5,True,June,25,-60,-1.3779,0.168221,-0.175,0.0313,False,0.168221,False,False,False
21.5,92.5,True,July,25,60,1.3794,0.167756,0.1444,0.1674,False,0.167756,False,False,False
21.5,92.5,True,August,25,33,0.7476,0.454724,0.0528,0.1216,False,0.454724,False,False,False
21.5,92.5,True,September,25,103,2.3846,0.017098,0.1941,-0.1492,False,0.017098,True,False,False
21.5,92.5,True,October,25,53,1.2148,0.224446,0.1924,-0.0124,False,0.224446,False,False,False
21.5,92.5,True,November,25,67,1.5418,0.12311,0.3202,0.0422,False,0.12311,False,False,False
21.5,92.5,True,December,25,11,0.2336,0.815285,0.0793,0.1279,False,0.815285,False,False,False
21.5,92.5,True,Annual,25,-20,-0.444,0.657052,-0.0528,0.3221,False,0.657052,False,False,False
22.0,88.125,False,January,25,6,0.1168,0.906988,0.0092,-0.3292,False,0.906988,False,False,False
22.0,88.125,False,February,25,-19,-0.4205,0.674117,-0.1475,-0.087,False,0.674117,False,False,False
22.0,88.125,False,March,25,-60,-1.3779,0.168221,-0.2618,-0.1886,False,0.168221,False,False,False
22.0,88.125,False,April,25,30,0.6777,0.497985,0.1679,-0.1875,False,0.497985,False,False,False
22.0,88.125,False,May,25,-27,-0.6074,0.543589,-0.095,-0.0224,False,0.543589,False,False,False
22.0,88.125,False,June,25,71,1.6353,0.101987,0.2865,-0.1941,False,0.101987,False,False,False
22.0,88.125,False,July,25,136,3.1546,0.001607,0.331,-0.0426,False,0.001607,True,True,True
22.0,88.125,False,August,25,154,3.5772,0.000347,0.2882,-0.1086,False,0.000347,True,True,True
22.0,88.125,False,September,25,185,4.2985,1.7e-05,0.3615,-0.2565,False,1.7e-05,True,True,True
22.0,88.125,False,October,25,100,2.3121,0.02077,0.3477,-0.2364,False,0.02077,True,False,False
22.0,88.125,False,November,25,12,0.257,0.797144,0.0885,0.0151,False,0.797144,False,False,False
22.0,88.125,False,December,25,-11,-0.2337,0.815186,-0.0396,-0.4088,True,0.78497,False,False,False
22.0,88.125,False,Annual,25,43,0.9812,0.326506,0.0781,-0.01,False,0.326506,False,False,False
22.0,88.75,False,January,25,15,0.3271,0.743623,0.1375,-0.3561,False,0.743623,False,False,False
22.0,88.75,False,February,25,-20,-0.444,0.657052,-0.1775,-0.1098,False,0.657052,False,False,False
22.0,88.75,False,March,25,-54,-1.2378,0.215785,-0.2929,-0.1959,False,0.215785,False,False,False
22.0,88.75,False,April,25,36,0.8179,0.413431,0.2662,-0.1585,False,0.413431,False,False,False
22.0,88.75,False,May,25,-34,-0.7707,0.440876,-0.1376,-0.0701,False,0.440876,False,False,False
22.0,88.75,False,June,25,44,1.0048,0.314987,0.1878,-0.1709,False,0.314987,False,False,False
22.0,88.75,False,July,25,124,2.8742,0.00405,0.2625,0.041,False,0.00405,True,True,True
22.0,88.75,False,August,25,146,3.3883,0.000703,0.2626,-0.1533,False,0.000703,True,True,True
22.0,88.75,False,September,25,194,4.51,6e-06,0.3583,-0.2115,False,6e-06,True,True,True
22.0,88.75,False,October,25,103,2.3829,0.017179,0.3889,-0.2366,False,0.017179,True,False,False
22.0,88.75,False,November,25,23,0.5139,0.607287,0.1223,0.0956,False,0.607287,False,False,False
22.0,88.75,False,December,25,15,0.3271,0.743623,0.0413,-0.4164,True,0.862156,False,False,False
22.0,88.75,False,Annual,25,57,1.3082,0.190794,0.1067,-0.0011,False,0.190794,False,False,False
22.0,89.375,True,January,25,3,0.0467,0.962734,0.0311,-0.4006,True,0.471939,False,False,False
22.0,89.375,True,February,25,-39,-0.8877,0.374685,-0.445,-0.07,False,0.374685,False,False,False
22.0,89.375,True,March,25,-42,-0.9581,0.338024,-0.2578,-0.2247,False,0.338024,False,False,False
22.0,89.375,True,April,25,32,0.724,0.469063,0.2024,-0.1282,False,0.469063,False,False,False
22.0,89.375,True,May,25,-44,-1.0048,0.314987,-0.1679,-0.2018,False,0.314987,False,False,False
22.0,89.375,True,June,25,20,0.444,0.657052,0.0906,-0.0909,False,0.657052,False,False,False
22.0,89.375,True,July,25,134,3.1096,0.001873,0.2683,0.1168,False,0.001873,True,True,True
22.0,89.375,True,August,25,133,3.0871,0.002021,0.2683,-0.1242,False,0.002021,True,True,True
22.0,89.375,True,September,25,197,4.5813,5e-06,0.3469,-0.1772,False,5e-06,True,True,True
22.0,89.375,True,October,25,119,2.7581,0.005813,0.3976,-0.1922,False,0.005813,True,False,False
22.0,89.375,True,November,25,8,0.1636,0.870066,0.0607,0.1989,False,0.870066,False,False,False
22.0,89.375,True,December,25,-25,-0.561,0.574812,-0.0974,-0.3579,False,0.574812,False,False,False
22.0,89.375,True,Annual,25,41,0.935,0.349807,0.0735,0.0416,False,0.349807,False,False,False
22.0,90.0,False,January,25,-14,-0.3036,0.761422,-0.0747,-0.3496,False,0.761422,False,False,False
22.0,90.0,False,February,25,-60,-1.3787,0.167989,-0.3132,-0.0237,False,0.167989,False,False,False
22.0,90.0,False,March,25,-48,-1.0977,0.272343,-0.3384,-0.1976,False,0.272343,False,False,False
22.0,90.0,False,April,25,4,0.0701,0.944112,0.0472,-0.0392,False,0.944112,False,False,False
22.0,90.0,False,May,25,-61,-1.4024,0.160782,-0.2045,-0.0762,False,0.160782,False,False,False
22.0,90.0,False,June,25,32,0.724,0.469063,0.0856,-0.0784,False,0.469063,False,False,False
22.0,90.0,False,July,25,139,3.2239,0.001265,0.2736,0.0927,False,0.001265,True,True,True
22.0,90.0,False,August,25,145,3.364,0.000768,0.3,-0.1716,False,0.000768,True,True,True
22.0,90.0,False,September,25,197,4.5813,5e-06,0.3947,-0.158,False,5e-06,True,True,True
22.0,90.0,False,October,25,115,2.6632,0.00774,0.4244,-0.1954,False,0.00774,True,True,True
22.0,90.0,False,November,25,27,0.6074,0.543589,0.1,0.2628,False,0.543589,False,False,False
22.0,90.0,False,December,25,-36,-0.8174,0.413686,-0.213,-0.3084,False,0.413686,False,False,False
22.0,90.0,False,Annual,25,23,0.5142,0.607091,0.0293,0.0917,False,0.607091,False,False,False
22.0,90.625,True,January,25,-39,-0.8877,0.374685,-0.2093,-0.2959,False,0.374685,False,False,False
22.0,90.625,True,February,25,-75,-1.7287,0.083856,-0.4354,0.0084,False,0.083856,False,False,False
22.0,90.625,True,March,25,-60,-1.3779,0.168221,-0.367,-0.171,False,0.168221,False,False,False
22.0,90.625,True,April,25,-8,-0.1636,0.870066,-0.0297,0.0083,False,0.870066,False,False,False
22.0,90.625,True,May,25,-38,-0.8641,0.387514,-0.1308,-0.1551,False,0.387514,False,False,False
22.0,90.625,True,June,25,52,1.1918,0.233358,0.1267,-0.0632,False,0.233358,False,False,False
22.0,90.625,True,July,25,170,3.9491,7.8e-05,0.3333,0.129,False,7.8e-05,True,True,True
22.0,90.625,True,August,25,163,3.7873,0.000152,0.3974,-0.2477,False,0.000152,True,True,True
22.0,90.625,True,September,25,206,4.7904,2e-06,0.4297,-0.1689,False,2e-06,True,True,True
22.0,90.625,True,October,25,97,2.2439,0.024838,0.3297,-0.1584,False,0.024838,True,False,False
22.0,90.625,True,November,25,38,0.8641,0.387514,0.1336,0.2467,False,0.387514,False,False,False
22.0,90.625,True,December,25,-47,-1.0746,0.282544,-0.3036,-0.1199,False,0.282544,False,False,False
22.0,90.625,True,Annual,25,12,0.2569,0.797252,0.0258,0.0828,False,0.797252,False,False,False
22.0,91.25,False,January,25,-48,-1.0995,0.271557,-0.1774,-0.154,False,0.271557,False,False,False
22.0,91.25,False,February,25,-71,-1.6353,0.101987,-0.3413,0.0241,False,0.101987,False,False,False
22.0,91.25,False,March,25,-38,-0.8641,0.387514,-0.1531,-0.1615,False,0.387514,False,False,False
22.0,91.25,False,April,25,36,0.8174,0.413686,0.1862,-0.1229,False,0.413686,False,False,False
22.0,91.25,False,May,25,74,1.7058,0.088037,0.1857,-0.3566,False,0.088037,False,False,False
22.0,91.25,False,June,25,95,2.196,0.028094,0.2887,-0.0856,False,0.028094,True,False,False
22.0,91.25,False,July,25,175,4.0649,4.8e-05,0.4881,0.1925,False,4.8e-05,True,True,True
22.0,91.25,False,August,25,170,3.9491,7.8e-05,0.4789,-0.1126,False,7.8e-05,True,True,True
22.0,91.25,False,September,25,220,5.1175,0.0,0.4431,-0.0835,False,0.0,True,True,True
22.0,91.25,False,October,25,83,1.9181,0.055102,0.2367,-0.1529,False,0.055102,False,False,False
22.0,91.25,False,November,25,61,1.4017,0.161011,0.2,0.1401,False,0.161011,False,False,False
22.0,91.25,False,December,25,-46,-1.051,0.293271,-0.1417,0.1898,False,0.293271,False,False,False
22.0,91.25,False,Annual,25,96,2.2228,0.026232,0.1464,0.0419,False,0.026232,True,False,False
22.0,91.875,False,January,25,-53,-1.2148,0.224446,-0.1563,-0.2259,False,0.224446,False,False,False
22.0,91.875,False,February,25,-106,-2.4523,0.014196,-0.6326,0.1792,False,0.014196,True,False,False
22.0,91.875,False,March,25,-91,-2.1025,0.035508,-0.4842,-0.1744,False,0.035508,True,False,False
22.0,91.875,False,April,25,-57,-1.3082,0.190794,-0.2437,0.0687,False,0.190794,False,False,False
22.0,91.875,False,May,25,-46,-1.051,0.293271,-0.1321,-0.1507,False,0.293271,False,False,False
22.0,91.875,False,June,25,48,1.0983,0.272081,0.075,0.0102,False,0.272081,False,False,False
22.0,91.875,False,July,25,145,3.3659,0.000763,0.3417,0.2559,False,0.000763,True,True,True
22.0,91.875,False,August,25,121,2.8034,0.005057,0.2817,0.0448,False,0.005057,True,True,True
22.0,91.875,False,September,25,186,4.323,1.5e-05,0.3699,-0.0019,False,1.5e-05,True,True,True
22.0,91.875,False,October,25,99,2.2894,0.022055,0.2976,-0.1404,False,0.022055,True,False,False
22.0,91.875,False,November,25,96,2.2199,0.026423,0.3725,0.1191,False,0.026423,True,False,False
22.0,91.875,False,December,25,13,0.2805,0.779102,0.0618,0.1311,False,0.779102,False,False,False
22.0,91.875,False,Annual,25,8,0.1636,0.870066,0.0093,0.1636,False,0.870066,False,False,False
22.0,92.5,True,January,25,-85,-1.9624,0.049721,-0.5739,-0.347,False,0.049721,True,False,False
22.0,92.5,True,February,25,-90,-2.0786,0.037655,-0.7,0.1147,False,0.037655,True,False,False
22.0,92.5,True,March,25,-66,-1.5189,0.128787,-0.3461,-0.198,False,0.128787,False,False,False
22.0,92.5,True,April,25,-53,-1.2148,0.224446,-0.358,-0.134,False,0.224446,False,False,False
22.0,92.5,True,May,25,-54,-1.2385,0.215535,-0.3417,-0.0235,False,0.215535,False,False,False
22.0,92.5,True,June,25,-69,-1.5897,0.111896,-0.2,0.1107,False,0.111896,False,False,False
22.0,92.5,True,July,25,50,1.145,0.252202,0.1406,0.1992,False,0.252202,False,False,False
22.0,92.5,True,August,25,7,0.1403,0.888447,0.0132,0.1855,False,0.888447,False,False,False
22.0,92.5,True,September,25,121,2.8034,0.005057,0.2633,-0.1689,False,0.005057,True,False,False
22.0,92.5,True,October,25,66,1.5189,0.128787,0.2435,-0.0201,False,0.128787,False,False,False
22.0,92.5,True,November,25,46,1.0515,0.293007,0.1944,-0.0643,False,0.293007,False,False,False
22.0,92.5,True,December,25,-20,-0.4437,0.657227,-0.1934,0.1992,False,0.657227,False,False,False
22.0,92.5,True,Annual,25,-46,-1.0515,0.293007,-0.1142,0.3198,False,0.293007,False,False,False
22.5,88.125,False,January,25,32,0.7244,0.468821,0.2082,-0.3432,False,0.468821,False,False,False
22.5,88.125,False,February,25,-19,-0.4205,0.674117,-0.1214,-0.134,False,0.674117,False,False,False
22.5,88.125,False,March,25,-52,-1.1911,0.233613,-0.3056,-0.2097,False,0.233613,False,False,False
22.5,88.125,False,April,25,17,0.3738,0.708567,0.0858,-0.2605,False,0.708567,False,False,False
22.5,88.125,False,May,25,-43,-0.9819,0.326154,-0.2325,0.0882,False,0.326154,False,False,False
22.5,88.125,False,June,25,51,1.1681,0.24278,0.3281,-0.2162,False,0.24278,False,False,False
22.5,88.125,False,July,25,111,2.5712,0.010136,0.3171,-0.0389,False,0.010136,True,True,True
22.5,88.125,False,August,25,83,1.9156,0.055412,0.1751,-0.0808,False,0.055412,False,False,False
22.5,88.125,False,September,25,161,3.7378,0.000186,0.3236,-0.2493,False,0.000186,True,True,True
22.5,88.125,False,October,25,90,2.0786,0.037655,0.3554,-0.272,False,0.037655,True,False,False
22.5,88.125,False,November,25,26,0.5839,0.559305,0.2,0.0254,False,0.559305,False,False,False
22.5,88.125,False,December,25,33,0.7476,0.454724,0.1629,-0.364,False,0.454724,False,False,False
22.5,88.125,False,Annual,25,44,1.0048,0.314987,0.1345,-0.0911,False,0.314987,False,False,False
22.5,88.75,False,January,25,12,0.2569,0.797252,0.0866,-0.3829,False,0.797252,False,False,False
22.5,88.75,False,February,25,-12,-0.2569,0.797252,-0.1313,-0.1272,False,0.797252,False,False,False
22.5,88.75,False,March,25,-58,-1.3312,0.183112,-0.3165,-0.2267,False,0.183112,False,False,False
22.5,88.75,False,April,25,8,0.1635,0.870137,0.1112,-0.2573,False,0.870137,False,False,False
22.5,88.75,False,May,25,-51,-1.1681,0.24278,-0.322,-0.0091,False,0.24278,False,False,False
22.5,88.75,False,June,25,26,0.5839,0.559305,0.1111,-0.1765,False,0.559305,False,False,False
22.5,88.75,False,July,25,105,2.4309,0.015061,0.2661,0.049,False,0.015061,True,False,False
22.5,88.75,False,August,25,85,1.9634,0.049597,0.1592,-0.0928,False,0.049597,True,False,False
22.5,88.75,False,September,25,184,4.2794,1.9e-05,0.331,-0.2013,False,1.9e-05,True,True,True
22.5,88.75,False,October,25,95,2.196,0.028094,0.3757,-0.2584,False,0.028094,True,False,False
22.5,88.75,False,November,25,27,0.6074,0.543589,0.1421,0.0939,False,0.543589,False,False,False
22.5,88.75,False,December,25,21,0.4672,0.640338,0.1105,-0.3783,False,0.640338,False,False,False
22.5,88.75,False,Annual,25,42,0.9586,0.33776,0.0923,-0.064,False,0.33776,False,False,False
22.5,89.375,True,January,25,-7,-0.1402,0.888527,-0.0406,-0.4189,True,0.637438,False,False,False
22.5,89.375,True,February,25,-37,-0.841,0.400343,-0.2062,-0.0665,False,0.400343,False,False,False
22.5,89.375,True,March,25,-56,-1.2845,0.198959,-0.3944,-0.2823,False,0.198959,False,False,False
22.5,89.375,True,April,25,-6,-0.1169,0.90692,-0.0363,-0.229,False,0.90692,False,False,False
22.5,89.375,True,May,25,-86,-1.9852,0.047125,-0.5809,-0.1268,False,0.047125,True,False,False
22.5,89.375,True,June,25,-6,-0.1168,0.906988,-0.015,-0.063,False,0.906988,False,False,False
22.5,89.375,True,July,25,100,2.3134,0.0207,0.2096,0.1557,False,0.0207,True,False,False
22.5,89.375,True,August,25,78,1.8026,0.071451,0.1513,-0.0452,False,0.071451,False,False,False
22.5,89.375,True,September,25,171,3.9714,7.1e-05,0.3348,-0.1535,False,7.1e-05,True,True,True
22.5,89.375,True,October,25,87,2.0116,0.044258,0.4033,-0.2413,False,0.044258,True,False,False
22.5,89.375,True,November,25,10,0.2102,0.833516,0.108,0.1692,False,0.833516,False,False,False
22.5,89.375,True,December,25,-22,-0.4905,0.623812,-0.1402,-0.3802,False,0.623812,False,False,False
22.5,89.375,True,Annual,25,-4,-0.0702,0.944071,-0.0063,-0.015,False,0.944071,False,False,False
22.5,90.0,True,January,25,-4,-0.0701,0.944142,-0.0604,-0.3405,False,0.944142,False,False,False
22.5,90.0,True,February,25,-32,-0.724,0.469063,-0.3292,0.025,False,0.469063,False,False,False
22.5,90.0,True,March,25,-51,-1.1681,0.24278,-0.3775,-0.2688,False,0.24278,False,False,False
22.5,90.0,True,April,25,-5,-0.0934,0.92555,-0.0545,-0.0806,False,0.92555,False,False,False
22.5,90.0,True,May,25,-96,-2.2199,0.026423,-0.5611,-0.0496,False,0.026423,True,False,False
22.5,90.0,True,June,25,-12,-0.257,0.797144,-0.03,-0.0325,False,0.797144,False,False,False
22.5,90.0,True,July,25,99,2.2907,0.021983,0.1862,0.0835,False,0.021983,True,False,False
22.5,90.0,True,August,25,99,2.2894,0.022055,0.1833,-0.1576,False,0.022055,True,False,False
22.5,90.0,True,September,25,171,3.9736,7.1e-05,0.4,-0.1396,False,7.1e-05,True,True,True
22.5,90.0,True,October,25,101,2.3361,0.019484,0.4354,-0.2279,False,0.019484,True,False,False
22.5,90.0,True,November,25,22,0.4905,0.623812,0.1518,0.2531,False,0.623812,False,False,False
22.5,90.0,True,December,25,-17,-0.3738,0.708567,-0.1225,-0.3327,False,0.708567,False,False,False
22.5,90.0,True,Annual,25,-7,-0.1402,0.888467,-0.0213,0.0304,False,0.888467,False,False,False
22.5,90.625,False,January,25,4,0.0701,0.944142,0.0558,-0.2602,False,0.944142,False,False,False
22.5,90.625,False,February,25,-43,-0.9812,0.326506,-0.3232,0.1199,False,0.326506,False,False,False
22.5,90.625,False,March,25,-36,-0.8174,0.413686,-0.2829,-0.1718,False,0.413686,False,False,False
22.5,90.625,False,April,25,-8,-0.1635,0.870137,-0.1118,0.0782,False,0.870137,False,False,False
22.5,90.625,False,May,25,-60,-1.3787,0.167989,-0.3438,-0.0662,False,0.167989,False,False,False
22.5,90.625,False,June,25,0,0.0,1.0,0.0,0.0444,False,1.0,False,False,False
22.5,90.625,False,July,25,124,2.8742,0.00405,0.2207,0.1584,False,0.00405,True,True,True
22.5,90.625,False,August,25,129,2.9919,0.002773,0.2829,-0.0972,False,0.002773,True,True,True
22.5,90.625,False,September,25,193,4.4878,7e-06,0.4236,-0.1468,False,7e-06,True,True,True
22.5,90.625,False,October,25,113,2.6165,0.008884,0.4431,-0.2301,False,0.008884,True,True,True
22.5,90.625,False,November,25,48,1.0983,0.272081,0.2132,0.2902,False,0.272081,False,False,False
22.5,90.625,False,December,25,4,0.0701,0.944142,0.0283,-0.2118,False,0.944142,False,False,False
22.5,90.625,False,Annual,25,25,0.5618,0.574254,0.0317,0.0471,False,0.574254,False,False,False
22.5,91.25,False,January,25,6,0.1168,0.907038,0.0385,-0.1689,False,0.907038,False,False,False
22.5,91.25,False,February,25,-32,-0.724,0.469063,-0.2,0.1123,False,0.469063,False,False,False
22.5,91.25,False,March,25,9,0.1869,0.851746,0.0639,-0.184,False,0.851746,False,False,False
22.5,91.25,False,April,25,64,1.4714,0.141193,0.247,0.0414,False,0.141193,False,False,False
22.5,91.25,False,May,25,37,0.841,0.400343,0.0833,-0.2931,False,0.400343,False,False,False
22.5,91.25,False,June,25,69,1.5897,0.111896,0.1746,0.0537,False,0.111896,False,False,False
22.5,91.25,False,July,25,161,3.7399,0.000184,0.3789,0.1912,False,0.000184,True,True,True
22.5,91.25,False,August,25,144,3.3416,0.000833,0.3273,0.0352,False,0.000833,True,True,True
22.5,91.25,False,September,25,214,4.9773,1e-06,0.4401,-0.0716,False,1e-06,True,True,True
22.5,91.25,False,October,25,132,3.0612,0.002205,0.4,-0.2309,False,0.002205,True,True,True
22.5,91.25,False,November,25,99,2.2894,0.022055,0.3488,0.2423,False,0.022055,True,False,False
22.5,91.25,False,December,25,26,0.5842,0.559091,0.0739,-0.0268,False,0.559091,False,False,False
22.5,91.25,False,Annual,25,137,3.1812,0.001467,0.1889,0.0116,False,0.001467,True,True,True
22.5,91.875,True,January,25,12,0.2569,0.797252,0.0599,-0.2871,False,0.797252,False,False,False
22.5,91.875,True,February,25,-72,-1.6582,0.097277,-0.4292,0.1907,False,0.097277,False,False,False
22.5,91.875,True,March,25,-57,-1.3082,0.190794,-0.3382,-0.2519,False,0.190794,False,False,False
22.5,91.875,True,April,25,-38,-0.8641,0.387514,-0.1964,0.051,False,0.387514,False,False,False
22.5,91.875,True,May,25,-37,-0.8421,0.399742,-0.2063,0.0514,False,0.399742,False,False,False
22.5,91.875,True,June,25,-1,0.0,1.0,0.0,0.1647,False,1.0,False,False,False
22.5,91.875,True,July,25,131,3.037,0.00239,0.26,0.2904,False,0.00239,True,True,True
22.5,91.875,True,August,25,69,1.5886,0.112157,0.1571,0.1595,False,0.112157,False,False,False
22.5,91.875,True,September,25,180,4.1828,2.9e-05,0.4114,-0.0642,False,2.9e-05,True,True,True
22.5,91.875,True,October,25,103,2.3829,0.017179,0.458,-0.2029,False,0.017179,True,False,False
22.5,91.875,True,November,25,107,2.4763,0.013275,0.4661,0.2256,False,0.013275,True,False,False
22.5,91.875,True,December,25,44,1.0048,0.314987,0.2,-0.0252,False,0.314987,False,False,False
22.5,91.875,True,Annual,25,51,1.1702,0.241921,0.0703,0.0503,False,0.241921,False,False,False
22.5,92.5,True,January,25,-54,-1.2378,0.215785,-0.245,-0.3488,False,0.215785,False,False,False
22.5,92.5,True,February,25,-70,-1.6124,0.106881,-0.4267,0.0639,False,0.106881,False,False,False
22.5,92.5,True,March,25,-59,-1.3557,0.175195,-0.2563,-0.2491,False,0.175195,False,False,False
22.5,92.5,True,April,25,-58,-1.3312,0.183112,-0.352,-0.0806,False,0.183112,False,False,False
22.5,92.5,True,May,25,-51,-1.1681,0.24278,-0.3024,0.1089,False,0.24278,False,False,False
22.5,92.5,True,June,25,-50,-1.145,0.252202,-0.1944,0.1328,False,0.252202,False,False,False
22.5,92.5,True,July,25,35,0.7943,0.427029,0.1083,0.2961,False,0.427029,False,False,False
22.5,92.5,True,August,25,-35,-0.7943,0.427029,-0.0732,0.2743,False,0.427029,False,False,False
22.5,92.5,True,September,25,111,2.5697,0.010177,0.3583,0.1711,False,0.010177,True,False,False
22.5,92.5,True,October,25,57,1.3089,0.190551,0.2186,0.0619,False,0.190551,False,False,False
22.5,92.5,True,November,25,34,0.7711,0.440627,0.0964,0.014,False,0.440627,False,False,False
22.5,92.5,True,December,25,-21,-0.4672,0.640338,-0.1105,0.1382,False,0.640338,False,False,False
22.5,92.5,True,Annual,25,-38,-0.8646,0.387255,-0.1133,0.3267,False,0.387255,False,False,False
23.0,88.125,False,January,25,36,0.8174,0.413686,0.2488,-0.3477,False,0.413686,False,False,False
23.0,88.125,False,February,25,-20,-0.4437,0.657227,-0.1643,-0.1347,False,0.657227,False,False,False
23.0,88.125,False,March,25,-58,-1.3312,0.183112,-0.3222,-0.2594,False,0.183112,False,False,False
23.0,88.125,False,April,25,23,0.5139,0.607287,0.0977,-0.3041,False,0.607287,False,False,False
23.0,88.125,False,May,25,-67,-1.5418,0.12311,-0.41,0.0743,False,0.12311,False,False,False
23.0,88.125,False,June,25,38,0.8641,0.387514,0.2937,-0.2082,False,0.387514,False,False,False
23.0,88.125,False,July,25,97,2.2439,0.024838,0.3029,-0.0563,False,0.024838,True,False,False
23.0,88.125,False,August,25,60,1.3787,0.167989,0.1317,-0.0736,False,0.167989,False,False,False
23.0,88.125,False,September,25,157,3.6444,0.000268,0.3354,-0.2048,False,0.000268,True,True,True
23.0,88.125,False,October,25,89,2.0558,0.039802,0.3483,-0.2462,False,0.039802,True,False,False
23.0,88.125,False,November,25,14,0.3038,0.761295,0.178,0.036,False,0.761295,False,False,False
23.0,88.125,False,December,25,47,1.0746,0.282544,0.1933,-0.2712,False,0.282544,False,False,False
23.0,88.125,False,Annual,25,34,0.7711,0.440627,0.1,-0.0768,False,0.440627,False,False,False
23.0,88.75,False,January,25,10,0.2102,0.833516,0.0531,-0.3898,False,0.833516,False,False,False
23.0,88.75,False,February,25,-14,-0.3036,0.761422,-0.1261,-0.1,False,0.761422,False,False,False
23.0,88.75,False,March,25,-54,-1.2385,0.215535,-0.3747,-0.2676,False,0.215535,False,False,False
23.0,88.75,False,April,25,-8,-0.1635,0.870137,-0.1167,-0.3103,False,0.870137,False,False,False
23.0,88.75,False,May,25,-90,-2.0786,0.037655,-0.6889,-0.0343,False,0.037655,True,False,False
23.0,88.75,False,June,25,11,0.2336,0.815285,0.0799,-0.144,False,0.815285,False,False,False
23.0,88.75,False,July,25,88,2.033,0.042053,0.2293,0.0319,False,0.042053,True,False,False
23.0,88.75,False,August,25,61,1.4024,0.160782,0.1,-0.0592,False,0.160782,False,False,False
23.0,88.75,False,September,25,162,3.7601,0.00017,0.3155,-0.1455,False,0.00017,True,True,True
23.0,88.75,False,October,25,92,2.128,0.033336,0.3625,-0.2164,False,0.033336,True,False,False
23.0,88.75,False,November,25,20,0.444,0.657052,0.1297,0.0846,False,0.657052,False,False,False
23.0,88.75,False,December,25,7,0.1402,0.888527,0.0406,-0.2903,False,0.888527,False,False,False
23.0,88.75,False,Annual,25,11,0.2336,0.815285,0.0396,-0.0615,False,0.815285,False,False,False
23.0,89.375,True,January,25,-8,-0.1635,0.870137,-0.0583,-0.4106,True,0.602442,False,False,False
23.0,89.375,True,February,25,-41,-0.9345,0.35007,-0.2604,-0.0326,False,0.35007,False,False,False
23.0,89.375,True,March,25,-52,-1.1911,0.233613,-0.4866,-0.3091,False,0.233613,False,False,False
23.0,89.375,True,April,25,-22,-0.4905,0.623812,-0.3448,-0.2352,False,0.623812,False,False,False
23.0,89.375,True,May,25,-116,-2.6858,0.007235,-0.9028,-0.1019,False,0.007235,True,False,False
23.0,89.375,True,June,25,-29,-0.6541,0.513036,-0.1842,-0.0535,False,0.513036,False,False,False
23.0,89.375,True,July,25,66,1.5197,0.128578,0.1528,0.092,False,0.128578,False,False,False
23.0,89.375,True,August,25,44,1.0048,0.314987,0.1095,-0.0098,False,0.314987,False,False,False
23.0,89.375,True,September,25,155,3.5976,0.000321,0.3,-0.0898,False,0.000321,True,True,True
23.0,89.375,True,October,25,81,1.8689,0.061636,0.3913,-0.2109,False,0.061636,False,False,False
23.0,89.375,True,November,25,8,0.1635,0.870137,0.0764,0.1446,False,0.870137,False,False,False
23.0,89.375,True,December,25,-27,-0.6074,0.543589,-0.2066,-0.3243,False,0.543589,False,False,False
23.0,89.375,True,Annual,25,-32,-0.7244,0.468821,-0.0657,-0.045,False,0.468821,False,False,False
23.0,90.0,True,January,25,-3,-0.0467,0.962734,-0.0202,-0.3495,False,0.962734,False,False,False
23.0,90.0,True,February,25,-51,-1.1681,0.24278,-0.39,0.0466,False,0.24278,False,False,False
23.0,90.0,True,March,25,-57,-1.3082,0.190794,-0.428,-0.2639,False,0.190794,False,False,False
23.0,90.0,True,April,25,-18,-0.397,0.691342,-0.261,-0.1264,False,0.691342,False,False,False
23.0,90.0,True,May,25,-112,-2.5924,0.009531,-0.7199,-0.0848,False,0.009531,True,False,False
23.0,90.0,True,June,25,-36,-0.8174,0.413686,-0.1139,-0.04,False,0.413686,False,False,False
23.0,90.0,True,July,25,83,1.9167,0.055279,0.1611,0.0414,False,0.055279,False,False,False
23.0,90.0,True,August,25,74,1.7071,0.087806,0.1,-0.1401,False,0.087806,False,False,False
23.0,90.0,True,September,25,165,3.8313,0.000127,0.35,-0.0912,False,0.000127,True,True,True
23.0,90.0,True,October,25,97,2.2427,0.024917,0.4098,-0.1995,False,0.024917,True,False,False
23.0,90.0,True,November,25,26,0.5839,0.559305,0.1407,0.2377,False,0.559305,False,False,False
23.0,90.0,True,December,25,-17,-0.3738,0.708567,-0.1,-0.2956,False,0.708567,False,False,False
23.0,90.0,True,Annual,25,-19,-0.4207,0.673949,-0.0437,-0.0012,False,0.673949,False,False,False
23.0,90.625,False,January,25,8,0.1635,0.870137,0.0637,-0.2793,False,0.870137,False,False,False
23.0,90.625,False,February,25,-39,-0.8877,0.374685,-0.3158,0.1246,False,0.374685,False,False,False
23.0,90.625,False,March,25,-36,-0.8174,0.413686,-0.3,-0.1941,False,0.413686,False,False,False
23.0,90.625,False,April,25,-13,-0.2803,0.77922,-0.0479,-0.0197,False,0.77922,False,False,False
23.0,90.625,False,May,25,-73,-1.682,0.092566,-0.3732,-0.139,False,0.092566,False,False,False
23.0,90.625,False,June,25,0,0.0,1.0,0.0,0.0633,False,1.0,False,False,False
23.0,90.625,False,July,25,114,2.6406,0.008277,0.1871,0.0502,False,0.008277,True,True,True
23.0,90.625,False,August,25,93,2.1504,0.031522,0.1818,-0.1132,False,0.031522,True,False,False
23.0,90.625,False,September,25,183,4.2572,2.1e-05,0.4292,-0.1691,False,2.1e-05,True,True,True
23.0,90.625,False,October,25,126,2.921,0.003489,0.4677,-0.229,False,0.003489,True,True,True
23.0,90.625,False,November,25,66,1.5181,0.128996,0.2279,0.2989,False,0.128996,False,False,False
23.0,90.625,False,December,25,8,0.1635,0.870137,0.0464,-0.2065,False,0.870137,False,False,False
23.0,90.625,False,Annual,25,31,0.7017,0.482845,0.0463,0.0111,False,0.482845,False,False,False
23.0,91.25,True,January,25,48,1.0977,0.272343,0.2038,-0.2415,False,0.272343,False,False,False
23.0,91.25,True,February,25,-28,-0.6306,0.528312,-0.1822,0.2758,False,0.528312,False,False,False
23.0,91.25,True,March,25,-59,-1.3557,0.175195,-0.3718,-0.1489,False,0.175195,False,False,False
23.0,91.25,True,April,25,-58,-1.3312,0.183112,-0.4036,0.0517,False,0.183112,False,False,False
23.0,91.25,True,May,25,-51,-1.1681,0.24278,-0.1935,-0.1575,False,0.24278,False,False,False
23.0,91.25,True,June,25,8,0.1637,0.869996,0.0136,0.2343,False,0.869996,False,False,False
23.0,91.25,True,July,25,117,2.7099,0.00673,0.1896,0.0819,False,0.00673,True,False,False
23.0,91.25,True,August,25,67,1.5418,0.12311,0.1572,0.0525,False,0.12311,False,False,False
23.0,91.25,True,September,25,164,3.8089,0.00014,0.385,-0.1536,False,0.00014,True,True,True
23.0,91.25,True,October,25,119,2.7566,0.00584,0.4475,-0.2536,False,0.00584,True,False,False
23.0,91.25,True,November,25,88,2.033,0.042053,0.3817,0.2872,False,0.042053,True,False,False
23.0,91.25,True,December,25,39,0.8887,0.374164,0.2345,-0.0514,False,0.374164,False,False,False
23.0,91.25,True,Annual,25,49,1.122,0.261881,0.0821,-0.0209,False,0.261881,False,False,False
23.0,91.875,True,January,25,49,1.1213,0.262141,0.2801,-0.2494,False,0.262141,False,False,False
23.0,91.875,True,February,25,-52,-1.1911,0.233613,-0.2232,0.224,False,0.233613,False,False,False
23.0,91.875,True,March,25,-55,-1.2615,0.207124,-0.3348,-0.2349,False,0.207124,False,False,False
23.0,91.875,True,April,25,-48,-1.0977,0.272343,-0.271,0.0371,False,0.272343,False,False,False
23.0,91.875,True,May,25,-17,-0.3738,0.708567,-0.0842,-0.0383,False,0.708567,False,False,False
23.0,91.875,True,June,25,5,0.0934,0.92555,0.0262,0.1972,False,0.92555,False,False,False
23.0,91.875,True,July,25,103,2.3842,0.017118,0.2477,0.2337,False,0.017118,True,False,False
23.0,91.875,True,August,25,1,0.0,1.0,0.0,0.1508,False,1.0,False,False,False
23.0,91.875,True,September,25,190,4.4165,1e-05,0.4559,-0.0957,False,1e-05,True,True,True
23.0,91.875,True,October,25,108,2.499,0.012455,0.5614,-0.2147,False,0.012455,True,False,False
23.0,91.875,True,November,25,106,2.4536,0.014143,0.5087,0.1536,False,0.014143,True,False,False
23.0,91.875,True,December,25,54,1.2385,0.215535,0.3,-0.073,False,0.215535,False,False,False
23.0,91.875,True,Annual,25,69,1.5903,0.111765,0.1174,-0.0633,False,0.111765,False,False,False
23.0,92.5,False,January,25,-32,-0.7244,0.468821,-0.187,-0.2761,False,0.468821,False,False,False
23.0,92.5,False,February,25,-57,-1.3082,0.190794,-0.4,0.0451,False,0.190794,False,False,False
23.0,92.5,False,March,25,-40,-0.9113,0.362116,-0.2417,-0.2823,False,0.362116,False,False,False
23.0,92.5,False,April,25,-52,-1.1918,0.233358,-0.262,-0.0162,False,0.233358,False,False,False
23.0,92.5,False,May,25,-37,-0.8416,0.4,-0.205,0.1218,False,0.4,False,False,False
23.0,92.5,False,June,25,-27,-0.6074,0.543589,-0.0912,0.1595,False,0.543589,False,False,False
23.0,92.5,False,July,25,61,1.4024,0.160782,0.1882,0.2364,False,0.160782,False,False,False
23.0,92.5,False,August,25,-35,-0.7947,0.426777,-0.0859,0.1852,False,0.426777,False,False,False
23.0,92.5,False,September,25,138,3.1996,0.001376,0.4359,0.0979,False,0.001376,True,True,True
23.0,92.5,False,October,25,88,2.0319,0.042166,0.3079,-0.039,False,0.042166,True,False,False
23.0,92.5,False,November,25,35,0.7943,0.427029,0.1845,-0.0436,False,0.427029,False,False,False
23.0,92.5,False,December,25,-13,-0.2803,0.77922,-0.07,0.0799,False,0.77922,False,False,False
23.0,92.5,False,Annual,25,-33,-0.7476,0.454724,-0.0749,0.1808,False,0.454724,False,False,False
23.5,88.125,False,January,25,30,0.6777,0.497985,0.1847,-0.3845,False,0.497985,False,False,False
23.5,88.125,False,February,25,-22,-0.4905,0.623812,-0.1792,-0.1379,False,0.623812,False,False,False
23.5,88.125,False,March,25,-46,-1.051,0.293271,-0.3303,-0.2925,False,0.293271,False,False,False
23.5,88.125,False,April,25,19,0.4208,0.673893,0.1,-0.3423,False,0.673893,False,False,False
23.5,88.125,False,May,25,-79,-1.8235,0.068226,-0.4583,0.0449,False,0.068226,False,False,False
23.5,88.125,False,June,25,28,0.6306,0.528312,0.3619,-0.198,False,0.528312,False,False,False
23.5,88.125,False,July,25,105,2.4296,0.015116,0.2817,-0.0079,False,0.015116,True,False,False
23.5,88.125,False,August,25,46,1.0529,0.292392,0.115,-0.0907,False,0.292392,False,False,False
23.5,88.125,False,September,25,150,3.4837,0.000495,0.3333,-0.2029,False,0.000495,True,True,True
23.5,88.125,False,October,25,96,2.2199,0.026423,0.3517,-0.2258,False,0.026423,True,False,False
23.5,88.125,False,November,25,22,0.4905,0.623812,0.0925,0.0531,False,0.623812,False,False,False
23.5,88.125,False,December,25,17,0.3738,0.708567,0.0703,-0.2166,False,0.708567,False,False,False
23.5,88.125,False,Annual,25,31,0.7012,0.483164,0.0775,-0.0279,False,0.483164,False,False,False
23.5,88.75,False,January,25,16,0.3503,0.726095,0.1664,-0.4092,True,0.901298,False,False,False
23.5,88.75,False,February,25,-28,-0.6309,0.528087,-0.1432,-0.0854,False,0.528087,False,False,False
23.5,88.75,False,March,25,-64,-1.4714,0.141193,-0.4917,-0.2838,False,0.141193,False,False,False
23.5,88.75,False,April,25,-15,-0.3271,0.743623,-0.1187,-0.3393,False,0.743623,False,False,False
23.5,88.75,False,May,25,-106,-2.4536,0.014143,-0.8191,-0.0211,False,0.014143,True,False,False
23.5,88.75,False,June,25,-2,-0.0234,0.981367,-0.0125,-0.1249,False,0.981367,False,False,False
23.5,88.75,False,July,25,85,1.9624,0.049721,0.2095,0.0784,False,0.049721,True,False,False
23.5,88.75,False,August,25,24,0.5381,0.590478,0.0578,-0.064,False,0.590478,False,False,False
23.5,88.75,False,September,25,149,3.4575,0.000545,0.3,-0.1802,False,0.000545,True,True,True
23.5,88.75,False,October,25,91,2.1025,0.035508,0.3523,-0.183,False,0.035508,True,False,False
23.5,88.75,False,November,25,15,0.3271,0.743623,0.0886,0.0778,False,0.743623,False,False,False
23.5,88.75,False,December,25,-10,-0.2102,0.833516,-0.0597,-0.2358,False,0.833516,False,False,False
23.5,88.75,False,Annual,25,-13,-0.2803,0.77922,-0.0282,-0.0318,False,0.77922,False,False,False
23.5,89.375,True,January,25,-2,-0.0234,0.981367,-0.0236,-0.4125,True,0.673262,False,False,False
23.5,89.375,True,February,25,-42,-0.9581,0.338024,-0.3348,-0.0185,False,0.338024,False,False,False
23.5,89.375,True,March,25,-68,-1.5648,0.117634,-0.5771,-0.2779,False,0.117634,False,False,False
23.5,89.375,True,April,25,-15,-0.3271,0.743623,-0.2421,-0.2446,False,0.743623,False,False,False
23.5,89.375,True,May,25,-119,-2.7566,0.00584,-0.9833,-0.0638,False,0.00584,True,False,False
23.5,89.375,True,June,25,-41,-0.9345,0.35007,-0.2268,-0.0487,False,0.35007,False,False,False
23.5,89.375,True,July,25,48,1.0991,0.271732,0.1161,0.0947,False,0.271732,False,False,False
23.5,89.375,True,August,25,19,0.4207,0.673949,0.0536,-0.0889,False,0.673949,False,False,False
23.5,89.375,True,September,25,160,3.7155,0.000203,0.3068,-0.1641,False,0.000203,True,True,True
23.5,89.375,True,October,25,95,2.196,0.028094,0.3477,-0.165,False,0.028094,True,False,False
23.5,89.375,True,November,25,6,0.1168,0.907038,0.0336,0.123,False,0.907038,False,False,False
23.5,89.375,True,December,25,-23,-0.5139,0.607287,-0.1472,-0.2854,False,0.607287,False,False,False
23.5,89.375,True,Annual,25,-60,-1.3812,0.167214,-0.12,-0.0616,False,0.167214,False,False,False
23.5,90.0,True,January,25,3,0.0467,0.962734,0.0393,-0.346,False,0.962734,False,False,False
23.5,90.0,True,February,25,-45,-1.0279,0.303997,-0.3871,0.0726,False,0.303997,False,False,False
23.5,90.0,True,March,25,-62,-1.4247,0.154258,-0.4512,-0.233,False,0.154258,False,False,False
23.5,90.0,True,April,25,-23,-0.5139,0.607287,-0.2131,-0.133,False,0.607287,False,False,False
23.5,90.0,True,May,25,-109,-2.523,0.011635,-0.6621,-0.0789,False,0.011635,True,False,False
23.5,90.0,True,June,25,-25,-0.5607,0.575021,-0.0955,-0.0058,False,0.575021,False,False,False
23.5,90.0,True,July,25,83,1.9177,0.055146,0.1303,0.0624,False,0.055146,False,False,False
23.5,90.0,True,August,25,50,1.1456,0.251943,0.1,-0.212,False,0.251943,False,False,False
23.5,90.0,True,September,25,164,3.8089,0.00014,0.3854,-0.1924,False,0.00014,True,True,True
23.5,90.0,True,October,25,106,2.4536,0.014143,0.3786,-0.1427,False,0.014143,True,False,False
23.5,90.0,True,November,25,28,0.6306,0.528312,0.1029,0.2199,False,0.528312,False,False,False
23.5,90.0,True,December,25,-18,-0.397,0.691342,-0.1609,-0.2345,False,0.691342,False,False,False
23.5,90.0,True,Annual,25,-17,-0.3743,0.708212,-0.0449,0.0306,False,0.708212,False,False,False
23.5,90.625,True,January,25,12,0.2569,0.797252,0.0784,-0.2954,False,0.797252,False,False,False
23.5,90.625,True,February,25,-43,-0.9812,0.326506,-0.3175,0.1098,False,0.326506,False,False,False
23.5,90.625,True,March,25,-56,-1.2845,0.198959,-0.289,-0.1973,False,0.198959,False,False,False
23.5,90.625,True,April,25,-18,-0.3973,0.691182,-0.0824,-0.0336,False,0.691182,False,False,False
23.5,90.625,True,May,25,-68,-1.5648,0.117634,-0.2971,-0.143,False,0.117634,False,False,False
23.5,90.625,True,June,25,1,0.0,1.0,0.0,0.1057,False,1.0,False,False,False
23.5,90.625,True,July,25,110,2.5457,0.010906,0.1764,0.0108,False,0.010906,True,False,False
23.5,90.625,True,August,25,64,1.4714,0.141193,0.1343,-0.2033,False,0.141193,False,False,False
23.5,90.625,True,September,25,170,3.9491,7.8e-05,0.4092,-0.2935,False,7.8e-05,True,True,True
23.5,90.625,True,October,25,118,2.734,0.006257,0.4756,-0.1741,False,0.006257,True,False,False
23.5,90.625,True,November,25,40,0.9108,0.362378,0.1838,0.2915,False,0.362378,False,False,False
23.5,90.625,True,December,25,5,0.0934,0.92555,0.023,-0.1865,False,0.92555,False,False,False
23.5,90.625,True,Annual,25,31,0.7012,0.483164,0.0464,0.0387,False,0.483164,False,False,False
23.5,91.25,False,January,25,29,0.6541,0.513036,0.1317,-0.3147,False,0.513036,False,False,False
23.5,91.25,False,February,25,-53,-1.2148,0.224446,-0.275,0.109,False,0.224446,False,False,False
23.5,91.25,False,March,25,-47,-1.0746,0.282544,-0.3427,-0.084,False,0.282544,False,False,False
23.5,91.25,False,April,25,-32,-0.7244,0.468821,-0.1964,0.0729,False,0.468821,False,False,False
23.5,91.25,False,May,25,-19,-0.4205,0.674117,-0.1536,-0.2189,False,0.674117,False,False,False
23.5,91.25,False,June,25,14,0.304,0.761127,0.019,0.2297,False,0.761127,False,False,False
23.5,91.25,False,July,25,106,2.455,0.01409,0.2,-0.0338,False,0.01409,True,False,False
23.5,91.25,False,August,25,41,0.935,0.349807,0.0923,-0.0449,False,0.349807,False,False,False
23.5,91.25,False,September,25,172,3.9959,6.4e-05,0.3636,-0.2361,False,6.4e-05,True,True,True
23.5,91.25,False,October,25,109,2.523,0.011635,0.4875,-0.2182,False,0.011635,True,True,True
23.5,91.25,False,November,25,97,2.2427,0.024917,0.4,0.2079,False,0.024917,True,False,False
23.5,91.25,False,December,25,45,1.0279,0.303997,0.2026,-0.0884,False,0.303997,False,False,False
23.5,91.25,False,Annual,25,33,0.7476,0.454724,0.0793,-0.0914,False,0.454724,False,False,False
23.5,91.875,False,January,25,26,0.5839,0.559305,0.1369,-0.3067,False,0.559305,False,False,False
23.5,91.875,False,February,25,-49,-1.122,0.261881,-0.3095,0.0755,False,0.261881,False,False,False
23.5,91.875,False,March,25,-38,-0.8641,0.387514,-0.2606,-0.103,False,0.387514,False,False,False
23.5,91.875,False,April,25,-27,-0.6074,0.543589,-0.1764,0.0339,False,0.543589,False,False,False
23.5,91.875,False,May,25,5,0.0934,0.92555,0.0149,-0.183,False,0.92555,False,False,False
23.5,91.875,False,June,25,13,0.2805,0.779102,0.0591,0.2126,False,0.779102,False,False,False
23.5,91.875,False,July,25,97,2.2439,0.024838,0.2357,0.0602,False,0.024838,True,False,False
23.5,91.875,False,August,25,-9,-0.187,0.851666,-0.0199,0.1801,False,0.851666,False,False,False
23.5,91.875,False,September,25,175,4.0671,4.8e-05,0.3804,-0.168,False,4.8e-05,True,True,True
23.5,91.875,False,October,25,117,2.7114,0.0067,0.4778,-0.181,False,0.0067,True,True,True
23.5,91.875,False,November,25,103,2.3829,0.017179,0.4208,0.1735,False,0.017179,True,False,False
23.5,91.875,False,December,25,44,1.0048,0.314987,0.275,-0.109,False,0.314987,False,False,False
23.5,91.875,False,Annual,25,53,1.2155,0.224193,0.1036,-0.127,False,0.224193,False,False,False
23.5,92.5,False,January,25,-75,-1.7287,0.083856,-0.4612,-0.3405,False,0.083856,False,False,False
23.5,92.5,False,February,25,-81,-1.8689,0.061636,-0.57,-0.0217,False,0.061636,False,False,False
23.5,92.5,False,March,25,-52,-1.1911,0.233613,-0.2784,-0.1633,False,0.233613,False,False,False
23.5,92.5,False,April,25,-34,-0.7711,0.440627,-0.1742,0.0516,False,0.440627,False,False,False
23.5,92.5,False,May,25,-33,-0.7476,0.454724,-0.2511,-0.0164,False,0.454724,False,False,False
23.5,92.5,False,June,25,-16,-0.3503,0.726095,-0.0732,0.2392,False,0.726095,False,False,False
23.5,92.5,False,July,25,58,1.332,0.182873,0.146,0.037,False,0.182873,False,False,False
23.5,92.5,False,August,25,-45,-1.0279,0.303997,-0.1174,0.3005,False,0.303997,False,False,False
23.5,92.5,False,September,25,106,2.4554,0.014073,0.2354,-0.0119,False,0.014073,True,False,False
23.5,92.5,False,October,25,58,1.3312,0.183112,0.1834,-0.0741,False,0.183112,False,False,False
23.5,92.5,False,November,25,32,0.7244,0.468821,0.1667,0.0255,False,0.468821,False,False,False
23.5,92.5,False,December,25,-47,-1.0746,0.282544,-0.2122,-0.1809,False,0.282544,False,False,False
23.5,92.5,False,Annual,25,-66,-1.5189,0.128787,-0.1333,-0.0443,False,0.128787,False,False,False
24.0,88.125,False,January,25,34,0.7707,0.440876,0.2401,-0.4275,True,0.823349,False,False,False
24.0,88.125,False,February,25,-13,-0.2803,0.77922,-0.105,-0.1248,False,0.77922,False,False,False
24.0,88.125,False,March,25,-36,-0.8174,0.413686,-0.2913,-0.2513,False,0.413686,False,False,False
24.0,88.125,False,April,25,11,0.2336,0.815285,0.0652,-0.3785,False,0.815285,False,False,False
24.0,88.125,False,May,25,-80,-1.845,0.065031,-0.5325,-0.0081,False,0.065031,False,False,False
24.0,88.125,False,June,25,42,0.9576,0.338288,0.5708,-0.1668,False,0.338288,False,False,False
24.0,88.125,False,July,25,100,2.3134,0.0207,0.3147,0.0418,False,0.0207,True,False,False
24.0,88.125,False,August,25,28,0.6309,0.528087,0.0955,-0.1411,False,0.528087,False,False,False
24.0,88.125,False,September,25,158,3.6687,0.000244,0.3326,-0.2829,False,0.000244,True,True,True
24.0,88.125,False,October,25,98,2.2654,0.023486,0.3318,-0.2139,False,0.023486,True,False,False
24.0,88.125,False,November,25,22,0.4905,0.623812,0.117,0.0402,False,0.623812,False,False,False
24.0,88.125,False,December,25,9,0.1869,0.851746,0.0485,-0.2337,False,0.851746,False,False,False
24.0,88.125,False,Annual,25,31,0.7014,0.483084,0.0788,0.0499,False,0.483084,False,False,False
24.0,88.75,True,January,25,20,0.4437,0.657227,0.1467,-0.4276,True,1.0,False,False,False
24.0,88.75,True,February,25,-33,-0.7476,0.454724,-0.2379,-0.0736,False,0.454724,False,False,False
24.0,88.75,True,March,25,-52,-1.1911,0.233613,-0.375,-0.2226,False,0.233613,False,False,False
24.0,88.75,True,April,25,-8,-0.1635,0.870137,-0.0733,-0.3262,False,0.870137,False,False,False
24.0,88.75,True,May,25,-100,-2.3121,0.02077,-0.915,0.0031,False,0.02077,True,False,False
24.0,88.75,True,June,25,-4,-0.0701,0.944142,-0.0515,-0.1177,False,0.944142,False,False,False
24.0,88.75,True,July,25,82,1.8928,0.058386,0.19,0.1388,False,0.058386,False,False,False
24.0,88.75,True,August,25,19,0.421,0.673725,0.0384,-0.1315,False,0.673725,False,False,False
24.0,88.75,True,September,25,146,3.3883,0.000703,0.2925,-0.2815,False,0.000703,True,True,True
24.0,88.75,True,October,25,96,2.2216,0.026314,0.378,-0.1857,False,0.026314,True,False,False
24.0,88.75,True,November,25,26,0.5842,0.559091,0.0817,0.0697,False,0.559091,False,False,False
24.0,88.75,True,December,25,-10,-0.2103,0.833426,-0.0491,-0.2585,False,0.833426,False,False,False
24.0,88.75,True,Annual,25,-9,-0.1869,0.851746,-0.0337,0.0234,False,0.851746,False,False,False
24.0,89.375,True,January,25,12,0.2569,0.797252,0.1375,-0.3919,False,0.797252,False,False,False
24.0,89.375,True,February,25,-44,-1.0048,0.314987,-0.3575,-0.0008,False,0.314987,False,False,False
24.0,89.375,True,March,25,-68,-1.5656,0.117434,-0.4109,-0.187,False,0.117434,False,False,False
24.0,89.375,True,April,25,-2,-0.0234,0.981367,-0.056,-0.2224,False,0.981367,False,False,False
24.0,89.375,True,May,25,-117,-2.7099,0.00673,-0.9917,-0.0143,False,0.00673,True,False,False
24.0,89.375,True,June,25,-35,-0.7943,0.427029,-0.1964,-0.0511,False,0.427029,False,False,False
24.0,89.375,True,July,25,59,1.355,0.175431,0.1268,0.1201,False,0.175431,False,False,False
24.0,89.375,True,August,25,5,0.0935,0.925509,0.0061,-0.2228,False,0.925509,False,False,False
24.0,89.375,True,September,25,152,3.5324,0.000412,0.3077,-0.2666,False,0.000412,True,True,True
24.0,89.375,True,October,25,85,1.9624,0.049721,0.3224,-0.1395,False,0.049721,True,False,False
24.0,89.375,True,November,25,30,0.6777,0.497985,0.1589,0.106,False,0.497985,False,False,False
24.0,89.375,True,December,25,2,0.0234,0.981367,0.0174,-0.2687,False,0.981367,False,False,False
24.0,89.375,True,Annual,25,-34,-0.7711,0.440627,-0.0641,0.017,False,0.440627,False,False,False
24.0,90.0,True,January,25,20,0.444,0.657052,0.1883,-0.3466,False,0.657052,False,False,False
24.0,90.0,True,February,25,-48,-1.0983,0.272081,-0.2819,0.1041,False,0.272081,False,False,False
24.0,90.0,True,March,25,-57,-1.3082,0.190794,-0.3952,-0.1104,False,0.190794,False,False,False
24.0,90.0,True,April,25,-7,-0.1402,0.888527,-0.0619,-0.1039,False,0.888527,False,False,False
24.0,90.0,True,May,25,-113,-2.6165,0.008884,-0.6719,-0.041,False,0.008884,True,False,False
24.0,90.0,True,June,25,-22,-0.4907,0.623623,-0.0708,0.0316,False,0.623623,False,False,False
24.0,90.0,True,July,25,64,1.4722,0.140976,0.1109,0.1183,False,0.140976,False,False,False
24.0,90.0,True,August,25,38,0.8641,0.387514,0.0706,-0.322,False,0.387514,False,False,False
24.0,90.0,True,September,25,161,3.7399,0.000184,0.3563,-0.3139,False,0.000184,True,True,True
24.0,90.0,True,October,25,104,2.4056,0.016148,0.3894,-0.1176,False,0.016148,True,False,False
24.0,90.0,True,November,25,53,1.2148,0.224446,0.2425,0.1929,False,0.224446,False,False,False
24.0,90.0,True,December,25,5,0.0934,0.92555,0.0312,-0.1778,False,0.92555,False,False,False
24.0,90.0,True,Annual,25,5,0.0934,0.92555,0.0069,0.1393,False,0.92555,False,False,False
24.0,90.625,True,January,25,18,0.397,0.691342,0.131,-0.3144,False,0.691342,False,False,False
24.0,90.625,True,February,25,-33,-0.7476,0.454724,-0.2427,0.1038,False,0.454724,False,False,False
24.0,90.625,True,March,25,-45,-1.0279,0.303997,-0.2924,-0.1056,False,0.303997,False,False,False
24.0,90.625,True,April,25,-3,-0.0467,0.962734,-0.0109,0.0371,False,0.962734,False,False,False
24.0,90.625,True,May,25,-56,-1.2862,0.198387,-0.3286,-0.1301,False,0.198387,False,False,False
24.0,90.625,True,June,25,-3,-0.0468,0.962687,0.0,0.1106,False,0.962687,False,False,False
24.0,90.625,True,July,25,78,1.7993,0.071969,0.15,0.0021,False,0.071969,False,False,False
24.0,90.625,True,August,25,45,1.0279,0.303997,0.1,-0.2163,False,0.303997,False,False,False
24.0,90.625,True,September,25,173,4.0233,5.7e-05,0.3845,-0.3579,False,5.7e-05,True,True,True
24.0,90.625,True,October,25,113,2.6179,0.008847,0.4292,-0.145,False,0.008847,True,False,False
24.0,90.625,True,November,25,37,0.841,0.400343,0.1567,0.2624,False,0.400343,False,False,False
24.0,90.625,True,December,25,12,0.2569,0.797252,0.045,-0.1553,False,0.797252,False,False,False
24.0,90.625,True,Annual,25,19,0.4205,0.674117,0.0342,0.1081,False,0.674117,False,False,False
24.0,91.25,True,January,25,10,0.2103,0.833426,0.0594,-0.2736,False,0.833426,False,False,False
24.0,91.25,True,February,25,-41,-0.9345,0.35007,-0.2576,0.0383,False,0.35007,False,False,False
24.0,91.25,True,March,25,-25,-0.5607,0.575021,-0.1895,-0.0313,False,0.575021,False,False,False
24.0,91.25,True,April,25,-1,0.0,1.0,-0.0143,0.1856,False,1.0,False,False,False
24.0,91.25,True,May,25,-17,-0.3738,0.708567,-0.131,-0.1897,False,0.708567,False,False,False
24.0,91.25,True,June,25,2,0.0234,0.981347,0.0,0.1434,False,0.981347,False,False,False
24.0,91.25,True,July,25,96,2.2232,0.026204,0.2,-0.0356,False,0.026204,True,False,False
24.0,91.25,True,August,25,26,0.5839,0.559305,0.0444,-0.0486,False,0.559305,False,False,False
24.0,91.25,True,September,25,165,3.8313,0.000127,0.3608,-0.2496,False,0.000127,True,True,True
24.0,91.25,True,October,25,116,2.6858,0.007235,0.4938,-0.1808,False,0.007235,True,False,False
24.0,91.25,True,November,25,82,1.8918,0.058524,0.3279,0.1751,False,0.058524,False,False,False
24.0,91.25,True,December,25,22,0.4905,0.623812,0.1888,-0.1281,False,0.623812,False,False,False
24.0,91.25,True,Annual,25,54,1.2385,0.215535,0.0823,-0.0436,False,0.215535,False,False,False
24.0,91.875,False,January,25,35,0.7943,0.427029,0.1976,-0.2175,False,0.427029,False,False,False
24.0,91.875,False,February,25,-41,-0.9345,0.35007,-0.2439,-0.0159,False,0.35007,False,False,False
24.0,91.875,False,March,25,-18,-0.397,0.691342,-0.1119,-0.0248,False,0.691342,False,False,False
24.0,91.875,False,April,25,9,0.1869,0.851746,0.0387,0.1664,False,0.851746,False,False,False
24.0,91.875,False,May,25,6,0.1168,0.906988,0.0227,-0.1832,False,0.906988,False,False,False
24.0,91.875,False,June,25,29,0.6541,0.513036,0.0757,0.1781,False,0.513036,False,False,False
24.0,91.875,False,July,25,91,2.1037,0.035407,0.2094,0.037,False,0.035407,True,False,False
24.0,91.875,False,August,25,6,0.1168,0.906988,0.0104,0.1689,False,0.906988,False,False,False
24.0,91.875,False,September,25,166,3.8557,0.000115,0.3245,-0.3221,False,0.000115,True,True,True
24.0,91.875,False,October,25,126,2.9226,0.003472,0.4155,-0.1584,False,0.003472,True,True,True
24.0,91.875,False,November,25,99,2.2894,0.022055,0.3333,0.2047,False,0.022055,True,False,False
24.0,91.875,False,December,25,29,0.6545,0.512806,0.2,-0.1057,False,0.512806,False,False,False
24.0,91.875,False,Annual,25,80,1.8471,0.064739,0.111,-0.015,False,0.064739,False,False,False
24.0,92.5,False,January,25,11,0.2336,0.815285,0.0626,-0.2873,False,0.815285,False,False,False
24.0,92.5,False,February,25,-41,-0.9345,0.35007,-0.3111,-0.081,False,0.35007,False,False,False
24.0,92.5,False,March,25,-20,-0.444,0.657052,-0.145,-0.119,False,0.657052,False,False,False
24.0,92.5,False,April,25,-14,-0.3036,0.761422,-0.0933,0.1308,False,0.761422,False,False,False
24.0,92.5,False,May,25,-24,-0.5375,0.590952,-0.1583,-0.151,False,0.590952,False,False,False
24.0,92.5,False,June,25,1,0.0,1.0,0.0038,0.2218,False,1.0,False,False,False
24.0,92.5,False,July,25,76,1.7516,0.079839,0.2408,0.0561,False,0.079839,False,False,False
24.0,92.5,False,August,25,-18,-0.3975,0.691022,-0.0433,0.3462,False,0.691022,False,False,False
24.0,92.5,False,September,25,134,3.1079,0.001884,0.3,0.0007,False,0.001884,True,True,True
24.0,92.5,False,October,25,78,1.7993,0.071969,0.2775,-0.0727,False,0.071969,False,False,False
24.0,92.5,False,November,25,71,1.6353,0.101987,0.2115,0.158,False,0.101987,False,False,False
24.0,92.5,False,December,25,12,0.2569,0.797252,0.0974,-0.1767,False,0.797252,False,False,False
24.0,92.5,False,Annual,25,19,0.421,0.673725,0.0333,-0.1484,False,0.673725,False,False,False
24.5,88.125,False,January,25,26,0.5839,0.559305,0.2297,-0.426,True,0.413046,False,False,False
24.5,88.125,False,February,25,-17,-0.3738,0.708567,-0.145,-0.0925,False,0.708567,False,False,False
24.5,88.125,False,March,25,-20,-0.4437,0.657227,-0.1307,-0.1733,False,0.657227,False,False,False
24.5,88.125,False,April,25,0,0.0,1.0,0.0,-0.4014,True,0.747106,False,False,False
24.5,88.125,False,May,25,-74,-1.7049,0.088211,-0.4701,-0.0629,False,0.088211,False,False,False
24.5,88.125,False,June,25,45,1.0279,0.303997,0.3883,-0.1566,False,0.303997,False,False,False
24.5,88.125,False,July,25,93,2.1516,0.031429,0.331,0.0328,False,0.031429,True,False,False
24.5,88.125,False,August,25,30,0.6777,0.497985,0.0823,-0.2163,False,0.497985,False,False,False
24.5,88.125,False,September,25,148,3.4351,0.000592,0.3315,-0.3889,False,0.000592,True,True,True
24.5,88.125,False,October,25,98,2.2667,0.02341,0.355,-0.2068,False,0.02341,True,False,False
24.5,88.125,False,November,25,15,0.3271,0.743623,0.0694,0.0475,False,0.743623,False,False,False
24.5,88.125,False,December,25,12,0.2569,0.797252,0.0544,-0.2466,False,0.797252,False,False,False
24.5,88.125,False,Annual,25,35,0.7952,0.426524,0.0975,0.1514,False,0.426524,False,False,False
24.5,88.75,True,January,25,30,0.6773,0.498219,0.2182,-0.4221,True,0.747106,False,False,False
24.5,88.75,True,February,25,-31,-0.7008,0.483403,-0.1929,-0.0752,False,0.483403,False,False,False
24.5,88.75,True,March,25,-42,-0.9581,0.338024,-0.2604,-0.1382,False,0.338024,False,False,False
24.5,88.75,True,April,25,-12,-0.2569,0.797252,-0.1284,-0.3398,False,0.797252,False,False,False
24.5,88.75,True,May,25,-98,-2.2654,0.023486,-0.7842,-0.0127,False,0.023486,True,False,False
24.5,88.75,True,June,25,-17,-0.374,0.708415,-0.1267,-0.1221,False,0.708415,False,False,False
24.5,88.75,True,July,25,59,1.355,0.175431,0.1817,0.1395,False,0.175431,False,False,False
24.5,88.75,True,August,25,3,0.0467,0.962734,0.0104,-0.2599,False,0.962734,False,False,False
24.5,88.75,True,September,25,141,3.2706,0.001073,0.2806,-0.3674,False,0.001073,True,True,True
24.5,88.75,True,October,25,102,2.3589,0.018332,0.3758,-0.1711,False,0.018332,True,False,False
24.5,88.75,True,November,25,21,0.4672,0.640338,0.1218,0.1012,False,0.640338,False,False,False
24.5,88.75,True,December,25,9,0.1869,0.851746,0.0619,-0.2533,False,0.851746,False,False,False
24.5,88.75,True,Annual,25,1,0.0,1.0,0.0,0.0671,False,1.0,False,False,False
24.5,89.375,True,January,25,33,0.7476,0.454724,0.2628,-0.3765,False,0.454724,False,False,False
24.5,89.375,True,February,25,-45,-1.0279,0.303997,-0.3161,0.012,False,0.303997,False,False,False
24.5,89.375,True,March,25,-55,-1.2615,0.207124,-0.2706,-0.1232,False,0.207124,False,False,False
24.5,89.375,True,April,25,1,0.0,1.0,0.0125,-0.22,False,1.0,False,False,False
24.5,89.375,True,May,25,-104,-2.4056,0.016148,-0.7694,0.0309,False,0.016148,True,False,False
24.5,89.375,True,June,25,-17,-0.374,0.708415,-0.0913,-0.0247,False,0.708415,False,False,False
24.5,89.375,True,July,25,57,1.3097,0.190309,0.1025,0.1618,False,0.190309,False,False,False
24.5,89.375,True,August,25,5,0.0934,0.92555,0.019,-0.3666,False,0.92555,False,False,False
24.5,89.375,True,September,25,147,3.4145,0.000639,0.3251,-0.2388,False,0.000639,True,True,True
24.5,89.375,True,October,25,101,2.3361,0.019484,0.3714,-0.1272,False,0.019484,True,False,False
24.5,89.375,True,November,25,53,1.2148,0.224446,0.2742,0.128,False,0.224446,False,False,False
24.5,89.375,True,December,25,21,0.4672,0.640338,0.1573,-0.2178,False,0.640338,False,False,False
24.5,89.375,True,Annual,25,-9,-0.187,0.851666,-0.0127,0.0904,False,0.851666,False,False,False
24.5,90.0,True,January,25,42,0.9576,0.338288,0.2912,-0.3415,False,0.338288,False,False,False
24.5,90.0,True,February,25,-45,-1.0279,0.303997,-0.2393,0.0984,False,0.303997,False,False,False
24.5,90.0,True,March,25,-50,-1.1444,0.252461,-0.2833,-0.0825,False,0.252461,False,False,False
24.5,90.0,True,April,25,-8,-0.1635,0.870137,-0.0268,-0.0599,False,0.870137,False,False,False
24.5,90.0,True,May,25,-120,-2.7808,0.005423,-0.5875,0.0645,False,0.005423,True,False,False
24.5,90.0,True,June,25,-5,-0.0935,0.925509,-0.0094,0.109,False,0.925509,False,False,False
24.5,90.0,True,July,25,66,1.5197,0.128578,0.1,0.1741,False,0.128578,False,False,False
24.5,90.0,True,August,25,11,0.2336,0.815285,0.0361,-0.3802,False,0.815285,False,False,False
24.5,90.0,True,September,25,150,3.4837,0.000495,0.3799,-0.2582,False,0.000495,True,True,True
24.5,90.0,True,October,25,110,2.5489,0.010805,0.3707,-0.0922,False,0.010805,True,False,False
24.5,90.0,True,November,25,77,1.7755,0.075822,0.2838,0.1984,False,0.075822,False,False,False
24.5,90.0,True,December,25,24,0.5375,0.590952,0.1533,-0.1181,False,0.590952,False,False,False
24.5,90.0,True,Annual,25,26,0.5849,0.558589,0.0428,0.196,False,0.558589,False,False,False
24.5,90.625,True,January,25,36,0.8174,0.413686,0.2617,-0.3217,False,0.413686,False,False,False
24.5,90.625,True,February,25,-25,-0.5607,0.575021,-0.1624,0.0628,False,0.575021,False,False,False
24.5,90.625,True,March,25,-29,-0.6541,0.513036,-0.2506,-0.0722,False,0.513036,False,False,False
24.5,90.625,True,April,25,-12,-0.257,0.797144,-0.0629,0.1347,False,0.797144,False,False,False
24.5,90.625,True,May,25,-90,-2.0786,0.037655,-0.3929,-0.0718,False,0.037655,True,False,False
24.5,90.625,True,June,25,11,0.2336,0.815285,0.045,0.1363,False,0.815285,False,False,False
24.5,90.625,True,July,25,77,1.7764,0.075662,0.1408,0.0984,False,0.075662,False,False,False
24.5,90.625,True,August,25,31,0.7012,0.483164,0.0646,-0.1737,False,0.483164,False,False,False
24.5,90.625,True,September,25,169,3.9268,8.6e-05,0.3889,-0.3296,False,8.6e-05,True,True,True
24.5,90.625,True,October,25,110,2.5471,0.010863,0.4,-0.1069,False,0.010863,True,False,False
24.5,90.625,True,November,25,70,1.6115,0.107072,0.2243,0.1952,False,0.107072,False,False,False
24.5,90.625,True,December,25,23,0.5139,0.607287,0.1542,-0.0832,False,0.607287,False,False,False
24.5,90.625,True,Annual,25,30,0.6777,0.497985,0.0655,0.1703,False,0.497985,False,False,False
24.5,91.25,True,January,25,46,1.051,0.293271,0.2,-0.2444,False,0.293271,False,False,False
24.5,91.25,True,February,25,-32,-0.724,0.469063,-0.2248,-0.0041,False,0.469063,False,False,False
24.5,91.25,True,March,25,-26,-0.5839,0.559305,-0.1444,-0.0021,False,0.559305,False,False,False
24.5,91.25,True,April,25,-20,-0.4437,0.657227,-0.1443,0.2244,False,0.657227,False,False,False
24.5,91.25,True,May,25,-51,-1.1689,0.242437,-0.1583,-0.2256,False,0.242437,False,False,False
24.5,91.25,True,June,25,27,0.6074,0.543589,0.0875,0.125,False,0.543589,False,False,False
24.5,91.25,True,July,25,109,2.5244,0.01159,0.1912,0.1096,False,0.01159,True,False,False
24.5,91.25,True,August,25,14,0.3038,0.761295,0.024,0.0511,False,0.761295,False,False,False
24.5,91.25,True,September,25,167,3.8808,0.000104,0.3733,-0.2197,False,0.000104,True,True,True
24.5,91.25,True,October,25,106,2.4536,0.014143,0.4429,-0.1215,False,0.014143,True,False,False
24.5,91.25,True,November,25,82,1.8928,0.058386,0.2849,0.1139,False,0.058386,False,False,False
24.5,91.25,True,December,25,35,0.7943,0.427029,0.2492,-0.04,False,0.427029,False,False,False
24.5,91.25,True,Annual,25,55,1.2622,0.206876,0.0801,0.0899,False,0.206876,False,False,False
24.5,91.875,True,January,25,54,1.2385,0.215535,0.3,-0.1118,False,0.215535,False,False,False
24.5,91.875,True,February,25,-17,-0.3738,0.708567,-0.1392,0.0477,False,0.708567,False,False,False
24.5,91.875,True,March,25,-16,-0.3503,0.726095,-0.0867,0.0172,False,0.726095,False,False,False
24.5,91.875,True,April,25,-2,-0.0234,0.981357,-0.0219,0.1602,False,0.981357,False,False,False
24.5,91.875,True,May,25,-12,-0.257,0.797144,-0.0785,-0.2842,False,0.797144,False,False,False
24.5,91.875,True,June,25,28,0.6313,0.527862,0.07,0.1618,False,0.527862,False,False,False
24.5,91.875,True,July,25,96,2.2211,0.026341,0.2321,0.0364,False,0.026341,True,False,False
24.5,91.875,True,August,25,-19,-0.4207,0.673949,-0.0398,0.2194,False,0.673949,False,False,False
24.5,91.875,True,September,25,170,3.9491,7.8e-05,0.4063,-0.2102,False,7.8e-05,True,True,True
24.5,91.875,True,October,25,116,2.6873,0.007203,0.4261,-0.1601,False,0.007203,True,False,False
24.5,91.875,True,November,25,113,2.6165,0.008884,0.4202,-0.0197,False,0.008884,True,False,False
24.5,91.875,True,December,25,67,1.5418,0.12311,0.4,0.0611,False,0.12311,False,False,False
24.5,91.875,True,Annual,25,70,1.6144,0.106434,0.1392,0.089,False,0.106434,False,False,False
24.5,92.5,False,January,25,57,1.3082,0.190794,0.2921,-0.1187,False,0.190794,False,False,False
24.5,92.5,False,February,25,-18,-0.397,0.691342,-0.1038,0.0227,False,0.691342,False,False,False
24.5,92.5,False,March,25,-19,-0.4205,0.674117,-0.0957,-0.0666,False,0.674117,False,False,False
24.5,92.5,False,April,25,-11,-0.2336,0.815285,-0.0707,0.0547,False,0.815285,False,False,False
24.5,92.5,False,May,25,-27,-0.6077,0.543369,-0.081,-0.2873,False,0.543369,False,False,False
24.5,92.5,False,June,25,8,0.1636,0.870066,0.025,0.1303,False,0.870066,False,False,False
24.5,92.5,False,July,25,80,1.845,0.065031,0.2917,0.1215,False,0.065031,False,False,False
24.5,92.5,False,August,25,-28,-0.6309,0.528087,-0.1036,0.3364,False,0.528087,False,False,False
24.5,92.5,False,September,25,150,3.4843,0.000493,0.5515,-0.0227,False,0.000493,True,True,True
24.5,92.5,False,October,25,110,2.5471,0.010863,0.4233,-0.1016,False,0.010863,True,True,True
24.5,92.5,False,November,25,119,2.7566,0.00584,0.4238,-0.0154,False,0.00584,True,True,True
24.5,92.5,False,December,25,87,2.0091,0.044529,0.46,0.0797,False,0.044529,True,False,False
24.5,92.5,False,Annual,25,95,2.196,0.028094,0.1581,-0.079,False,0.028094,True,False,False
25.0,88.125,False,January,25,24,0.5372,0.591154,0.3029,-0.3961,True,0.535185,False,False,False
25.0,88.125,False,February,25,-16,-0.3503,0.726095,-0.1386,-0.08,False,0.726095,False,False,False
25.0,88.125,False,March,25,-8,-0.1635,0.870137,-0.0307,-0.1296,False,0.870137,False,False,False
25.0,88.125,False,April,25,-2,-0.0234,0.981367,-0.0417,-0.3803,False,0.981367,False,False,False
25.0,88.125,False,May,25,-59,-1.355,0.175431,-0.4176,-0.1144,False,0.175431,False,False,False
25.0,88.125,False,June,25,17,0.3738,0.708567,0.2646,-0.1451,False,0.708567,False,False,False
25.0,88.125,False,July,25,62,1.4254,0.154033,0.225,0.005,False,0.154033,False,False,False
25.0,88.125,False,August,25,24,0.5375,0.590952,0.0644,-0.3204,False,0.590952,False,False,False
25.0,88.125,False,September,25,146,3.3883,0.000703,0.3743,-0.4481,True,0.00047,True,True,True
25.0,88.125,False,October,25,96,2.2187,0.026506,0.3481,-0.1429,False,0.026506,True,False,False
25.0,88.125,False,November,25,15,0.3271,0.743623,0.0633,0.0822,False,0.743623,False,False,False
25.0,88.125,False,December,25,4,0.0701,0.944112,0.0187,-0.2474,False,0.944112,False,False,False
25.0,88.125,False,Annual,25,17,0.374,0.708415,0.0394,0.22,False,0.708415,False,False,False
25.0,88.75,True,January,25,24,0.5375,0.590952,0.281,-0.3951,True,0.637438,False,False,False
25.0,88.75,True,February,25,-30,-0.6773,0.498219,-0.2035,-0.0968,False,0.498219,False,False,False
25.0,88.75,True,March,25,-34,-0.7707,0.440876,-0.1531,-0.1035,False,0.440876,False,False,False
25.0,88.75,True,April,25,-22,-0.4907,0.623623,-0.1488,-0.3538,False,0.623623,False,False,False
25.0,88.75,True,May,25,-87,-2.0091,0.044529,-0.6725,-0.0394,False,0.044529,True,False,False
25.0,88.75,True,June,25,-16,-0.3503,0.726095,-0.1525,-0.1439,False,0.726095,False,False,False
25.0,88.75,True,July,25,47,1.0746,0.282544,0.0873,0.124,False,0.282544,False,False,False
25.0,88.75,True,August,25,2,0.0234,0.981347,0.0,-0.365,False,0.981347,False,False,False
25.0,88.75,True,September,25,140,3.2499,0.001155,0.3191,-0.4026,True,0.00047,True,True,True
25.0,88.75,True,October,25,111,2.5697,0.010177,0.369,-0.1105,False,0.010177,True,False,False
25.0,88.75,True,November,25,39,0.8877,0.374685,0.2175,0.1432,False,0.374685,False,False,False
25.0,88.75,True,December,25,19,0.4205,0.674117,0.1717,-0.1998,False,0.674117,False,False,False
25.0,88.75,True,Annual,25,-12,-0.2572,0.797036,-0.01,0.067,False,0.797036,False,False,False
25.0,89.375,True,January,25,45,1.0279,0.303997,0.3393,-0.3502,False,0.303997,False,False,False
25.0,89.375,True,February,25,-46,-1.051,0.293271,-0.2655,-0.013,False,0.293271,False,False,False
25.0,89.375,True,March,25,-37,-0.841,0.400343,-0.2113,-0.11,False,0.400343,False,False,False
25.0,89.375,True,April,25,-23,-0.5139,0.607287,-0.219,-0.2495,False,0.607287,False,False,False
25.0,89.375,True,May,25,-92,-2.1253,0.033561,-0.6882,0.0717,False,0.033561,True,False,False
25.0,89.375,True,June,25,-8,-0.1635,0.870137,-0.0403,-0.0675,False,0.870137,False,False,False
25.0,89.375,True,July,25,39,0.8889,0.374076,0.0796,0.1499,False,0.374076,False,False,False
25.0,89.375,True,August,25,2,0.0234,0.981367,0.0095,-0.3953,True,0.602442,False,False,False
25.0,89.375,True,September,25,139,3.228,0.001247,0.3532,-0.2551,False,0.001247,True,True,True
25.0,89.375,True,October,25,107,2.4763,0.013275,0.3817,-0.0982,False,0.013275,True,False,False
25.0,89.375,True,November,25,72,1.6582,0.097277,0.3697,0.1731,False,0.097277,False,False,False
25.0,89.375,True,December,25,32,0.7244,0.468821,0.2427,-0.1113,False,0.468821,False,False,False
25.0,89.375,True,Annual,25,13,0.2805,0.779102,0.0168,0.1001,False,0.779102,False,False,False
25.0,90.0,True,January,25,64,1.4714,0.141193,0.4101,-0.3055,False,0.141193,False,False,False
25.0,90.0,True,February,25,-39,-0.8877,0.374685,-0.1923,0.0672,False,0.374685,False,False,False
25.0,90.0,True,March,25,-40,-0.9118,0.361853,-0.2196,-0.1026,False,0.361853,False,False,False
25.0,90.0,True,April,25,-18,-0.397,0.691342,-0.1293,-0.0334,False,0.691342,False,False,False
25.0,90.0,True,May,25,-119,-2.7566,0.00584,-0.5938,0.1874,False,0.00584,True,False,False
25.0,90.0,True,June,25,14,0.304,0.761127,0.0317,0.0923,False,0.761127,False,False,False
25.0,90.0,True,July,25,73,1.6839,0.09221,0.0975,0.1535,False,0.09221,False,False,False
25.0,90.0,True,August,25,12,0.257,0.797144,0.0195,-0.3412,False,0.797144,False,False,False
25.0,90.0,True,September,25,167,3.878,0.000105,0.395,-0.2423,False,0.000105,True,True,True
25.0,90.0,True,October,25,99,2.2907,0.021983,0.3876,-0.0958,False,0.021983,True,False,False
25.0,90.0,True,November,25,78,1.7993,0.071969,0.3354,0.2225,False,0.071969,False,False,False
25.0,90.0,True,December,25,45,1.0279,0.303997,0.2606,-0.0226,False,0.303997,False,False,False
25.0,90.0,True,Annual,25,29,0.6548,0.512575,0.0472,0.2302,False,0.512575,False,False,False
25.0,90.625,True,January,25,49,1.1213,0.262141,0.3077,-0.279,False,0.262141,False,False,False
25.0,90.625,True,February,25,-30,-0.6777,0.497985,-0.1645,0.0105,False,0.497985,False,False,False
25.0,90.625,True,March,25,-34,-0.7707,0.440876,-0.251,-0.1036,False,0.440876,False,False,False
25.0,90.625,True,April,25,-19,-0.4205,0.674117,-0.0789,0.156,False,0.674117,False,False,False
25.0,90.625,True,May,25,-97,-2.2427,0.024917,-0.325,0.0415,False,0.024917,True,False,False
25.0,90.625,True,June,25,27,0.6077,0.543369,0.1098,0.1254,False,0.543369,False,False,False
25.0,90.625,True,July,25,89,2.0558,0.039802,0.1436,0.1199,False,0.039802,True,False,False
25.0,90.625,True,August,25,19,0.4207,0.673949,0.0314,-0.131,False,0.673949,False,False,False
25.0,90.625,True,September,25,156,3.622,0.000292,0.3777,-0.2876,False,0.000292,True,True,True
25.0,90.625,True,October,25,106,2.4523,0.014196,0.3536,-0.0757,False,0.014196,True,False,False
25.0,90.625,True,November,25,78,1.7993,0.071969,0.3,0.1574,False,0.071969,False,False,False
25.0,90.625,True,December,25,40,0.9113,0.362116,0.2,0.0152,False,0.362116,False,False,False
25.0,90.625,True,Annual,25,40,0.9113,0.362116,0.0646,0.2056,False,0.362116,False,False,False
25.0,91.25,True,January,25,50,1.1444,0.252461,0.2372,-0.2686,False,0.252461,False,False,False
25.0,91.25,True,February,25,-55,-1.2615,0.207124,-0.24,-0.0391,False,0.207124,False,False,False
25.0,91.25,True,March,25,-34,-0.7707,0.440876,-0.2708,-0.0409,False,0.440876,False,False,False
25.0,91.25,True,April,25,-20,-0.444,0.657052,-0.0861,0.1558,False,0.657052,False,False,False
25.0,91.25,True,May,25,-47,-1.0746,0.282544,-0.1243,-0.2036,False,0.282544,False,False,False
25.0,91.25,True,June,25,44,1.0043,0.315252,0.1439,0.1254,False,0.315252,False,False,False
25.0,91.25,True,July,25,96,2.2199,0.026423,0.1707,0.1063,False,0.026423,True,False,False
25.0,91.25,True,August,25,-11,-0.2337,0.815186,-0.024,0.0985,False,0.815186,False,False,False
25.0,91.25,True,September,25,146,3.3883,0.000703,0.3317,-0.1419,False,0.000703,True,True,True
25.0,91.25,True,October,25,86,1.9863,0.047005,0.2927,-0.053,False,0.047005,True,False,False
25.0,91.25,True,November,25,91,2.1041,0.035374,0.3385,0.0388,False,0.035374,True,False,False
25.0,91.25,True,December,25,67,1.5418,0.12311,0.2162,0.0991,False,0.12311,False,False,False
25.0,91.25,True,Annual,25,38,0.8646,0.387255,0.0608,0.1452,False,0.387255,False,False,False
25.0,91.875,True,January,25,51,1.1681,0.24278,0.2826,-0.1751,False,0.24278,False,False,False
25.0,91.875,True,February,25,-23,-0.5139,0.607287,-0.1246,-0.0005,False,0.607287,False,False,False
25.0,91.875,True,March,25,-17,-0.3738,0.708567,-0.2282,-0.0203,False,0.708567,False,False,False
25.0,91.875,True,April,25,-9,-0.1869,0.851746,-0.0481,0.0369,False,0.851746,False,False,False
25.0,91.875,True,May,25,-37,-0.8415,0.400086,-0.1202,-0.3181,False,0.400086,False,False,False
25.0,91.875,True,June,25,36,0.8198,0.412323,0.1127,0.1424,False,0.412323,False,False,False
25.0,91.875,True,July,25,71,1.6371,0.101613,0.1971,0.0683,False,0.101613,False,False,False
25.0,91.875,True,August,25,-37,-0.841,0.400343,-0.0927,0.1714,False,0.400343,False,False,False
25.0,91.875,True,September,25,134,3.1079,0.001884,0.3382,-0.1104,False,0.001884,True,True,True
25.0,91.875,True,October,25,81,1.8689,0.061636,0.265,-0.0856,False,0.061636,False,False,False
25.0,91.875,True,November,25,82,1.8918,0.058524,0.3196,-0.0368,False,0.058524,False,False,False
25.0,91.875,True,December,25,40,0.9113,0.362116,0.1413,0.0432,False,0.362116,False,False,False
25.0,91.875,True,Annual,25,50,1.1459,0.251856,0.0812,0.0829,False,0.251856,False,False,False
25.0,92.5,False,January,25,49,1.1213,0.262141,0.2287,-0.0544,False,0.262141,False,False,False
25.0,92.5,False,February,25,-21,-0.4672,0.640338,-0.1343,-0.0369,False,0.640338,False,False,False
25.0,92.5,False,March,25,-12,-0.2569,0.797252,-0.075,-0.063,False,0.797252,False,False,False
25.0,92.5,False,April,25,-13,-0.2803,0.77922,-0.0731,-0.0711,False,0.77922,False,False,False
25.0,92.5,False,May,25,-33,-0.748,0.454478,-0.1118,-0.3651,False,0.454478,False,False,False
25.0,92.5,False,June,25,28,0.6309,0.528087,0.0768,0.1246,False,0.528087,False,False,False
25.0,92.5,False,July,25,67,1.5418,0.12311,0.2326,0.0992,False,0.12311,False,False,False
25.0,92.5,False,August,25,-35,-0.7947,0.426777,-0.1351,0.25,False,0.426777,False,False,False
25.0,92.5,False,September,25,125,2.8984,0.003751,0.3775,-0.143,False,0.003751,True,True,True
25.0,92.5,False,October,25,125,2.8968,0.00377,0.4167,-0.0635,False,0.00377,True,True,True
25.0,92.5,False,November,25,120,2.7792,0.005449,0.51,0.0564,False,0.005449,True,True,True
25.0,92.5,False,December,25,78,1.7993,0.071969,0.3646,0.0103,False,0.071969,False,False,False
25.0,92.5,False,Annual,25,69,1.5894,0.111961,0.15,0.0787,False,0.111961,False,False,False
25.5,88.125,False,January,25,36,0.8174,0.413686,0.2456,-0.3618,False,0.413686,False,False,False
25.5,88.125,False,February,25,-17,-0.3738,0.708567,-0.1653,-0.0753,False,0.708567,False,False,False
25.5,88.125,False,March,25,-8,-0.1636,0.870066,-0.028,-0.1221,False,0.870066,False,False,False
25.5,88.125,False,April,25,-24,-0.5372,0.591154,-0.1181,-0.3442,False,0.591154,False,False,False
25.5,88.125,False,May,25,-70,-1.6115,0.107072,-0.5324,-0.097,False,0.107072,False,False,False
25.5,88.125,False,June,25,-6,-0.1168,0.907038,-0.0738,-0.1784,False,0.907038,False,False,False
25.5,88.125,False,July,25,53,1.2155,0.224193,0.1155,0.0061,False,0.224193,False,False,False
25.5,88.125,False,August,25,26,0.5842,0.559091,0.0626,-0.2855,False,0.559091,False,False,False
25.5,88.125,False,September,25,165,3.8334,0.000126,0.405,-0.3998,True,0.00039,True,True,True
25.5,88.125,False,October,25,93,2.1492,0.031615,0.392,-0.1024,False,0.031615,True,False,False
25.5,88.125,False,November,25,20,0.4437,0.657227,0.1336,0.0724,False,0.657227,False,False,False
25.5,88.125,False,December,25,-3,-0.0467,0.962734,-0.0171,-0.2048,False,0.962734,False,False,False
25.5,88.125,False,Annual,25,4,0.0701,0.944112,0.0083,0.2154,False,0.944112,False,False,False
25.5,88.75,False,January,25,37,0.841,0.400343,0.2679,-0.3323,False,0.400343,False,False,False
25.5,88.75,False,February,25,-23,-0.5139,0.607287,-0.297,-0.1137,False,0.607287,False,False,False
25.5,88.75,False,March,25,-36,-0.8174,0.413686,-0.1479,-0.105,False,0.413686,False,False,False
25.5,88.75,False,April,25,-46,-1.051,0.293271,-0.4142,-0.2805,False,0.293271,False,False,False
25.5,88.75,False,May,25,-80,-1.845,0.065031,-0.69,0.0392,False,0.065031,False,False,False
25.5,88.75,False,June,25,-39,-0.8877,0.374685,-0.2595,-0.1959,False,0.374685,False,False,False
25.5,88.75,False,July,25,24,0.5375,0.590952,0.0521,0.097,False,0.590952,False,False,False
25.5,88.75,False,August,25,5,0.0935,0.925469,0.0062,-0.2957,False,0.925469,False,False,False
25.5,88.75,False,September,25,149,3.46,0.00054,0.381,-0.4091,True,0.000565,True,True,True
25.5,88.75,False,October,25,106,2.4536,0.014143,0.3862,-0.068,False,0.014143,True,False,False
25.5,88.75,False,November,25,40,0.9108,0.362378,0.21,0.1577,False,0.362378,False,False,False
25.5,88.75,False,December,25,11,0.2336,0.815285,0.0879,-0.1131,False,0.815285,False,False,False
25.5,88.75,False,Annual,25,-18,-0.3973,0.691182,-0.05,0.1083,False,0.691182,False,False,False
25.5,89.375,True,January,25,56,1.2845,0.198959,0.3819,-0.2611,False,0.198959,False,False,False
25.5,89.375,True,February,25,-19,-0.4205,0.674117,-0.1477,-0.0434,False,0.674117,False,False,False
25.5,89.375,True,March,25,-25,-0.5607,0.575021,-0.1144,-0.1107,False,0.575021,False,False,False
25.5,89.375,True,April,25,-42,-0.9576,0.338288,-0.345,-0.1399,False,0.338288,False,False,False
25.5,89.375,True,May,25,-97,-2.2427,0.024917,-0.6059,0.1885,False,0.024917,True,False,False
25.5,89.375,True,June,25,-21,-0.4675,0.640155,-0.1129,-0.1481,False,0.640155,False,False,False
25.5,89.375,True,July,25,33,0.7476,0.454724,0.0821,0.1242,False,0.454724,False,False,False
25.5,89.375,True,August,25,-6,-0.1168,0.906988,-0.0079,-0.2417,False,0.906988,False,False,False
25.5,89.375,True,September,25,133,3.0837,0.002044,0.3792,-0.2766,False,0.002044,True,True,True
25.5,89.375,True,October,25,108,2.499,0.012455,0.4168,-0.0614,False,0.012455,True,False,False
25.5,89.375,True,November,25,67,1.5418,0.12311,0.3742,0.2191,False,0.12311,False,False,False
25.5,89.375,True,December,25,37,0.841,0.400343,0.2733,0.0239,False,0.400343,False,False,False
25.5,89.375,True,Annual,25,11,0.2336,0.815285,0.0413,0.2112,False,0.815285,False,False,False
25.5,90.0,False,January,25,78,1.7983,0.072124,0.5704,-0.1176,False,0.072124,False,False,False
25.5,90.0,False,February,25,-8,-0.1635,0.870137,-0.0726,0.0596,False,0.870137,False,False,False
25.5,90.0,False,March,25,-20,-0.4437,0.657227,-0.1094,-0.1401,False,0.657227,False,False,False
25.5,90.0,False,April,25,-21,-0.4672,0.640338,-0.0762,-0.0014,False,0.640338,False,False,False
25.5,90.0,False,May,25,-98,-2.2654,0.023486,-0.4622,0.2633,False,0.023486,True,False,False
25.5,90.0,False,June,25,18,0.397,0.691342,0.1236,0.0286,False,0.691342,False,False,False
25.5,90.0,False,July,25,55,1.2622,0.206876,0.1124,0.2099,False,0.206876,False,False,False
25.5,90.0,False,August,25,5,0.0935,0.925509,0.0092,-0.1767,False,0.925509,False,False,False
25.5,90.0,False,September,25,124,2.8727,0.00407,0.3625,-0.1962,False,0.00407,True,True,True
25.5,90.0,False,October,25,121,2.8049,0.005033,0.4742,-0.0741,False,0.005033,True,True,True
25.5,90.0,False,November,25,84,1.9385,0.052567,0.4784,0.336,False,0.052567,False,False,False
25.5,90.0,False,December,25,79,1.8222,0.068427,0.5312,0.1759,False,0.068427,False,False,False
25.5,90.0,False,Annual,25,54,1.2392,0.215284,0.1155,0.3011,False,0.215284,False,False,False
25.5,90.625,False,January,25,87,2.0091,0.044529,0.5275,-0.0356,False,0.044529,True,False,False
25.5,90.625,False,February,25,-17,-0.3738,0.708567,-0.1244,0.0504,False,0.708567,False,False,False
25.5,90.625,False,March,25,-32,-0.724,0.469063,-0.2194,-0.1559,False,0.469063,False,False,False
25.5,90.625,False,April,25,1,0.0,1.0,0.0125,0.0592,False,1.0,False,False,False
25.5,90.625,False,May,25,-78,-1.7993,0.071969,-0.269,0.1675,False,0.071969,False,False,False
25.5,90.625,False,June,25,57,1.3082,0.190794,0.1708,0.0652,False,0.190794,False,False,False
25.5,90.625,False,July,25,54,1.2385,0.215535,0.1142,0.2307,False,0.215535,False,False,False
25.5,90.625,False,August,25,-19,-0.421,0.673781,-0.0881,0.0514,False,0.673781,False,False,False
25.5,90.625,False,September,25,106,2.4523,0.014196,0.3056,-0.2303,False,0.014196,True,False,False
25.5,90.625,False,October,25,114,2.6406,0.008277,0.3879,-0.0301,False,0.008277,True,True,True
25.5,90.625,False,November,25,92,2.1253,0.033561,0.5,0.2899,False,0.033561,True,False,False
25.5,90.625,False,December,25,79,1.8222,0.068427,0.4354,0.1358,False,0.068427,False,False,False
25.5,90.625,False,Annual,25,70,1.6124,0.106881,0.1355,0.2689,False,0.106881,False,False,False
25.5,91.25,False,January,25,76,1.7526,0.079674,0.3513,-0.0084,False,0.079674,False,False,False
25.5,91.25,False,February,25,-27,-0.6074,0.543589,-0.1268,-0.0243,False,0.543589,False,False,False
25.5,91.25,False,March,25,-36,-0.8174,0.413686,-0.1438,-0.1699,False,0.413686,False,False,False
25.5,91.25,False,April,25,10,0.2102,0.833516,0.0313,-0.1299,False,0.833516,False,False,False
25.5,91.25,False,May,25,-57,-1.3089,0.190551,-0.1196,0.057,False,0.190551,False,False,False
25.5,91.25,False,June,25,71,1.6362,0.1018,0.1613,0.2575,False,0.1018,False,False,False
25.5,91.25,False,July,25,50,1.145,0.252202,0.0857,0.0636,False,0.252202,False,False,False
25.5,91.25,False,August,25,-28,-0.6309,0.528087,-0.0833,0.0697,False,0.528087,False,False,False
25.5,91.25,False,September,25,120,2.7828,0.005389,0.3403,-0.2611,False,0.005389,True,True,True
25.5,91.25,False,October,25,110,2.5457,0.010906,0.3686,0.0051,False,0.010906,True,True,True
25.5,91.25,False,November,25,86,1.9852,0.047125,0.4156,0.1896,False,0.047125,True,False,False
25.5,91.25,False,December,25,88,2.0319,0.042166,0.3301,0.1373,False,0.042166,True,False,False
25.5,91.25,False,Annual,25,77,1.7764,0.075662,0.1329,0.2341,False,0.075662,False,False,False
25.5,91.875,False,January,25,71,1.6353,0.101987,0.3063,0.0201,False,0.101987,False,False,False
25.5,91.875,False,February,25,-27,-0.6074,0.543589,-0.1375,-0.0668,False,0.543589,False,False,False
25.5,91.875,False,March,25,-20,-0.4437,0.657227,-0.1243,-0.1426,False,0.657227,False,False,False
25.5,91.875,False,April,25,24,0.5372,0.591154,0.075,-0.1641,False,0.591154,False,False,False
25.5,91.875,False,May,25,-42,-0.9581,0.338024,-0.0782,-0.037,False,0.338024,False,False,False
25.5,91.875,False,June,25,93,2.1492,0.031615,0.1944,0.2624,False,0.031615,True,False,False
25.5,91.875,False,July,25,49,1.1213,0.262141,0.1,0.1121,False,0.262141,False,False,False
25.5,91.875,False,August,25,-18,-0.397,0.691342,-0.0375,-0.0207,False,0.691342,False,False,False
25.5,91.875,False,September,25,156,3.62,0.000295,0.4205,-0.3904,False,0.000295,True,True,True
25.5,91.875,False,October,25,118,2.734,0.006257,0.4534,-0.0396,False,0.006257,True,True,True
25.5,91.875,False,November,25,92,2.1265,0.033465,0.4375,0.1266,False,0.033465,True,False,False
25.5,91.875,False,December,25,94,2.1744,0.029676,0.2991,0.0536,False,0.029676,True,False,False
25.5,91.875,False,Annual,25,99,2.2911,0.021959,0.15,0.3117,False,0.021959,True,False,False
25.5,92.5,False,January,25,116,2.6858,0.007235,0.5686,0.2293,False,0.007235,True,True,True
25.5,92.5,False,February,25,-14,-0.3038,0.761295,-0.1175,-0.001,False,0.761295,False,False,False
25.5,92.5,False,March,25,-6,-0.1168,0.907038,-0.0415,-0.1576,False,0.907038,False,False,False
25.5,92.5,False,April,25,25,0.5607,0.575021,0.092,-0.211,False,0.575021,False,False,False
25.5,92.5,False,May,25,-42,-0.9581,0.338024,-0.0911,-0.1763,False,0.338024,False,False,False
25.5,92.5,False,June,25,65,1.4959,0.134669,0.1804,0.1481,False,0.134669,False,False,False
25.5,92.5,False,July,25,45,1.0285,0.303733,0.0978,0.1552,False,0.303733,False,False,False
25.5,92.5,False,August,25,-26,-0.5842,0.559091,-0.08,0.1118,False,0.559091,False,False,False
25.5,92.5,False,September,25,148,3.4351,0.000592,0.4282,-0.3202,False,0.000592,True,True,True
25.5,92.5,False,October,25,131,3.037,0.00239,0.5625,-0.0363,False,0.00239,True,True,True
25.5,92.5,False,November,25,113,2.6165,0.008884,0.6293,0.157,False,0.008884,True,True,True
25.5,92.5,False,December,25,130,3.0128,0.002589,0.5899,0.2151,False,0.002589,True,True,True
25.5,92.5,False,Annual,25,116,2.6873,0.007203,0.2333,0.3509,False,0.007203,True,True,True
26.0,88.125,False,January,25,56,1.2845,0.198959,0.3354,-0.2103,False,0.198959,False,False,False
26.0,88.125,False,February,25,-23,-0.5139,0.607287,-0.1811,-0.0209,False,0.607287,False,False,False
26.0,88.125,False,March,25,-22,-0.4907,0.623623,-0.0979,-0.0591,False,0.623623,False,False,False
26.0,88.125,False,April,25,-47,-1.0746,0.282544,-0.2517,-0.275,False,0.282544,False,False,False
26.0,88.125,False,May,25,-67,-1.543,0.122838,-0.6844,-0.0256,False,0.122838,False,False,False
26.0,88.125,False,June,25,-24,-0.5372,0.591154,-0.2,-0.1654,False,0.591154,False,False,False
26.0,88.125,False,July,25,29,0.6545,0.512806,0.0845,0.0442,False,0.512806,False,False,False
26.0,88.125,False,August,25,28,0.6313,0.527862,0.0485,-0.1157,False,0.527862,False,False,False
26.0,88.125,False,September,25,170,3.9491,7.8e-05,0.4437,-0.2949,False,7.8e-05,True,True,True
26.0,88.125,False,October,25,90,2.0812,0.037412,0.4,-0.0317,False,0.037412,True,False,False
26.0,88.125,False,November,25,49,1.1213,0.262141,0.2419,0.1517,False,0.262141,False,False,False
26.0,88.125,False,December,25,8,0.1635,0.870137,0.0389,0.018,False,0.870137,False,False,False
26.0,88.125,False,Annual,25,-3,-0.0467,0.962734,-0.006,0.304,False,0.962734,False,False,False
26.0,88.75,True,January,25,54,1.2378,0.215785,0.3933,-0.1976,False,0.215785,False,False,False
26.0,88.75,True,February,25,-24,-0.5372,0.591154,-0.2308,-0.0835,False,0.591154,False,False,False
26.0,88.75,True,March,25,-38,-0.8641,0.387514,-0.169,-0.0328,False,0.387514,False,False,False
26.0,88.75,True,April,25,-67,-1.5418,0.12311,-0.5402,-0.1279,False,0.12311,False,False,False
26.0,88.75,True,May,25,-93,-2.1492,0.031615,-0.8255,0.1385,False,0.031615,True,False,False
26.0,88.75,True,June,25,-67,-1.5418,0.12311,-0.3522,-0.2204,False,0.12311,False,False,False
26.0,88.75,True,July,25,15,0.3275,0.743308,0.0354,0.113,False,0.743308,False,False,False
26.0,88.75,True,August,25,9,0.1869,0.851746,0.0372,-0.1302,False,0.851746,False,False,False
26.0,88.75,True,September,25,155,3.5976,0.000321,0.4513,-0.306,False,0.000321,True,True,True
26.0,88.75,True,October,25,99,2.2894,0.022055,0.4,0.0007,False,0.022055,True,False,False
26.0,88.75,True,November,25,58,1.3329,0.182555,0.2655,0.1719,False,0.182555,False,False,False
26.0,88.75,True,December,25,12,0.2569,0.797252,0.0878,0.0503,False,0.797252,False,False,False
26.0,88.75,True,Annual,25,-26,-0.5842,0.559091,-0.0591,0.2362,False,0.559091,False,False,False
26.0,89.375,False,January,25,86,1.9852,0.047125,0.6121,-0.1504,False,0.047125,True,False,False
26.0,89.375,False,February,25,-18,-0.397,0.691342,-0.1333,-0.0022,False,0.691342,False,False,False
26.0,89.375,False,March,25,-16,-0.3503,0.726095,-0.0937,-0.002,False,0.726095,False,False,False
26.0,89.375,False,April,25,-46,-1.051,0.293271,-0.3135,0.0499,False,0.293271,False,False,False
26.0,89.375,False,May,25,-92,-2.1253,0.033561,-0.8376,0.2716,False,0.033561,True,False,False
26.0,89.375,False,June,25,-27,-0.6074,0.543589,-0.1472,-0.2429,False,0.543589,False,False,False
26.0,89.375,False,July,25,43,0.9812,0.326506,0.105,0.1053,False,0.326506,False,False,False
26.0,89.375,False,August,25,2,0.0234,0.981343,0.0,-0.0559,False,0.981343,False,False,False
26.0,89.375,False,September,25,153,3.5509,0.000384,0.453,-0.2358,False,0.000384,True,True,True
26.0,89.375,False,October,25,112,2.5952,0.009453,0.4138,0.0393,False,0.009453,True,True,True
26.0,89.375,False,November,25,91,2.1025,0.035508,0.3674,0.2244,False,0.035508,True,False,False
26.0,89.375,False,December,25,65,1.4951,0.134882,0.3667,0.1253,False,0.134882,False,False,False
26.0,89.375,False,Annual,25,30,0.678,0.49775,0.0562,0.365,False,0.49775,False,False,False
26.0,90.0,False,January,25,94,2.172,0.029855,0.7422,-0.0047,False,0.029855,True,False,False
26.0,90.0,False,February,25,-11,-0.2336,0.815285,-0.0641,0.1055,False,0.815285,False,False,False
26.0,90.0,False,March,25,11,0.2336,0.815285,0.0788,0.0174,False,0.815285,False,False,False
26.0,90.0,False,April,25,-17,-0.374,0.708415,-0.0759,0.114,False,0.708415,False,False,False
26.0,90.0,False,May,25,-75,-1.7287,0.083856,-0.3861,0.2594,False,0.083856,False,False,False
26.0,90.0,False,June,25,30,0.6773,0.498219,0.1134,-0.181,False,0.498219,False,False,False
26.0,90.0,False,July,25,50,1.1444,0.252461,0.1319,0.0964,False,0.252461,False,False,False
26.0,90.0,False,August,25,-26,-0.5842,0.559091,-0.0588,0.0743,False,0.559091,False,False,False
26.0,90.0,False,September,25,132,3.0612,0.002205,0.4345,-0.1879,False,0.002205,True,True,True
26.0,90.0,False,October,25,130,3.0128,0.002589,0.5655,0.1202,False,0.002589,True,True,True
26.0,90.0,False,November,25,92,2.1265,0.033465,0.5028,0.3346,False,0.033465,True,False,False
26.0,90.0,False,December,25,100,2.3121,0.02077,0.665,0.2101,False,0.02077,True,False,False
26.0,90.0,False,Annual,25,102,2.3601,0.018268,0.2,0.4242,True,0.018452,True,False,False
26.0,90.625,False,January,25,100,2.3121,0.02077,0.726,0.1278,False,0.02077,True,False,False
26.0,90.625,False,February,25,7,0.1402,0.888527,0.038,0.1482,False,0.888527,False,False,False
26.0,90.625,False,March,25,37,0.8416,0.4,0.1479,-0.026,False,0.4,False,False,False
26.0,90.625,False,April,25,31,0.7008,0.483403,0.1343,0.0946,False,0.483403,False,False,False
26.0,90.625,False,May,25,-34,-0.7707,0.440876,-0.15,0.1407,False,0.440876,False,False,False
26.0,90.625,False,June,25,55,1.2615,0.207124,0.15,-0.1279,False,0.207124,False,False,False
26.0,90.625,False,July,25,58,1.332,0.182873,0.1258,0.0407,False,0.182873,False,False,False
26.0,90.625,False,August,25,-29,-0.6545,0.512806,-0.0602,0.2383,False,0.512806,False,False,False
26.0,90.625,False,September,25,119,2.7566,0.00584,0.4,-0.2223,False,0.00584,True,True,True
26.0,90.625,False,October,25,156,3.622,0.000292,0.6708,0.1912,False,0.000292,True,True,True
26.0,90.625,False,November,25,108,2.499,0.012455,0.6763,0.3868,False,0.012455,True,True,True
26.0,90.625,False,December,25,103,2.3829,0.017179,0.7261,0.2632,False,0.017179,True,False,False
26.0,90.625,False,Annual,25,132,3.0634,0.002188,0.2631,0.4752,True,0.001632,True,True,True
26.0,91.25,False,January,25,105,2.4296,0.015116,0.6471,0.1584,False,0.015116,True,False,False
26.0,91.25,False,February,25,12,0.2569,0.797252,0.0477,0.1386,False,0.797252,False,False,False
26.0,91.25,False,March,25,30,0.6777,0.497985,0.2331,0.0143,False,0.497985,False,False,False
26.0,91.25,False,April,25,48,1.0977,0.272343,0.1681,0.1476,False,0.272343,False,False,False
26.0,91.25,False,May,25,-4,-0.0701,0.944112,-0.0197,0.1157,False,0.944112,False,False,False
26.0,91.25,False,June,25,47,1.0752,0.282281,0.1437,-0.1025,False,0.282281,False,False,False
26.0,91.25,False,July,25,48,1.0983,0.272081,0.1262,-0.0654,False,0.272081,False,False,False
26.0,91.25,False,August,25,8,0.1636,0.870066,0.0225,0.2648,False,0.870066,False,False,False
26.0,91.25,False,September,25,160,3.7155,0.000203,0.4917,-0.263,False,0.000203,True,True,True
26.0,91.25,False,October,25,145,3.364,0.000768,0.6957,0.1377,False,0.000768,True,True,True
26.0,91.25,False,November,25,119,2.7566,0.00584,0.7268,0.3627,False,0.00584,True,True,True
26.0,91.25,False,December,25,120,2.7792,0.005449,0.6753,0.2333,False,0.005449,True,True,True
26.0,91.25,False,Annual,25,132,3.0634,0.002188,0.2739,0.5023,True,0.002688,True,True,True
26.0,91.875,False,January,25,121,2.8034,0.005057,0.6293,0.2404,False,0.005057,True,True,True
26.0,91.875,False,February,25,4,0.0701,0.944142,0.0177,0.1682,False,0.944142,False,False,False
26.0,91.875,False,March,25,19,0.4205,0.674117,0.1136,0.1006,False,0.674117,False,False,False
26.0,91.875,False,April,25,63,1.4484,0.147504,0.1756,0.162,False,0.147504,False,False,False
26.0,91.875,False,May,25,0,0.0,1.0,0.0,0.1372,False,1.0,False,False,False
26.0,91.875,False,June,25,69,1.5894,0.111961,0.2286,0.0043,False,0.111961,False,False,False
26.0,91.875,False,July,25,55,1.2615,0.207124,0.1496,-0.0024,False,0.207124,False,False,False
26.0,91.875,False,August,25,5,0.0934,0.92555,0.0162,0.2859,False,0.92555,False,False,False
26.0,91.875,False,September,25,181,4.205,2.6e-05,0.5333,-0.3333,False,2.6e-05,True,True,True
26.0,91.875,False,October,25,137,3.1771,0.001487,0.6753,0.1171,False,0.001487,True,True,True
26.0,91.875,False,November,25,120,2.7792,0.005449,0.6772,0.3311,False,0.005449,True,True,True
26.0,91.875,False,December,25,138,3.2014,0.001368,0.7,0.2105,False,0.001368,True,True,True
26.0,91.875,False,Annual,25,125,2.8968,0.00377,0.2798,0.5518,True,0.006858,True,True,True
26.0,92.5,False,January,25,133,3.0837,0.002044,0.8722,0.2022,False,0.002044,True,True,True
26.0,92.5,False,February,25,14,0.3038,0.761295,0.0798,0.0813,False,0.761295,False,False,False
26.0,92.5,False,March,25,54,1.2378,0.215785,0.3141,-0.0064,False,0.215785,False,False,False
26.0,92.5,False,April,25,70,1.6115,0.107072,0.325,0.0435,False,0.107072,False,False,False
26.0,92.5,False,May,25,18,0.397,0.691342,0.0871,-0.0277,False,0.691342,False,False,False
26.0,92.5,False,June,25,86,1.9863,0.047005,0.3236,-0.102,False,0.047005,True,False,False
26.0,92.5,False,July,25,50,1.1456,0.251943,0.1873,0.1345,False,0.251943,False,False,False
26.0,92.5,False,August,25,11,0.2338,0.815153,0.0429,0.212,False,0.815153,False,False,False
26.0,92.5,False,September,25,177,4.1116,3.9e-05,0.6434,-0.0458,False,3.9e-05,True,True,True
26.0,92.5,False,October,25,139,3.2256,0.001257,0.6467,0.1488,False,0.001257,True,True,True
26.0,92.5,False,November,25,136,3.1529,0.001616,0.7531,0.2851,False,0.001616,True,True,True
26.0,92.5,False,December,25,136,3.1529,0.001616,0.7944,0.1189,False,0.001616,True,True,True
26.0,92.5,False,Annual,25,134,3.1079,0.001884,0.4138,0.3741,False,0.001884,True,True,True
26.5,88.125,False,January,25,85,1.9624,0.049721,0.4632,-0.0616,False,0.049721,True,False,False
26.5,88.125,False,February,25,-20,-0.4437,0.657227,-0.2714,0.0123,False,0.657227,False,False,False
26.5,88.125,False,March,25,-12,-0.2569,0.797252,-0.1202,-0.029,False,0.797252,False,False,False
26.5,88.125,False,April,25,-49,-1.1213,0.262141,-0.3533,-0.2011,False,0.262141,False,False,False
26.5,88.125,False,May,25,-79,-1.8222,0.068427,-0.5583,0.0603,False,0.068427,False,False,False
26.5,88.125,False,June,25,-34,-0.7707,0.440876,-0.2321,-0.1144,False,0.440876,False,False,False
26.5,88.125,False,July,25,33,0.7476,0.454724,0.1,0.0623,False,0.454724,False,False,False
26.5,88.125,False,August,25,47,1.0752,0.282281,0.0944,-0.0485,False,0.282281,False,False,False
26.5,88.125,False,September,25,147,3.4108,0.000648,0.4211,-0.1516,False,0.000648,True,True,True
26.5,88.125,False,October,25,83,1.9156,0.055412,0.3281,0.0459,False,0.055412,False,False,False
26.5,88.125,False,November,25,61,1.4024,0.160782,0.3317,0.335,False,0.160782,False,False,False
26.5,88.125,False,December,25,27,0.6074,0.543589,0.2233,0.2713,False,0.543589,False,False,False
26.5,88.125,False,Annual,25,3,0.0467,0.962714,0.0056,0.4227,True,0.862156,False,False,False
26.5,88.75,False,January,25,88,2.033,0.042053,0.509,-0.066,False,0.042053,True,False,False
26.5,88.75,False,February,25,-24,-0.5375,0.590952,-0.2393,-0.0445,False,0.590952,False,False,False
26.5,88.75,False,March,25,-24,-0.5372,0.591154,-0.1733,0.0285,False,0.591154,False,False,False
26.5,88.75,False,April,25,-70,-1.6115,0.107072,-0.5783,-0.0376,False,0.107072,False,False,False
26.5,88.75,False,May,25,-104,-2.4056,0.016148,-0.9438,0.2161,False,0.016148,True,False,False
26.5,88.75,False,June,25,-67,-1.5418,0.12311,-0.4222,-0.1772,False,0.12311,False,False,False
26.5,88.75,False,July,25,30,0.6777,0.497985,0.0667,0.0729,False,0.497985,False,False,False
26.5,88.75,False,August,25,4,0.0701,0.944112,0.0065,-0.0351,False,0.944112,False,False,False
26.5,88.75,False,September,25,138,3.2014,0.001368,0.3927,-0.1526,False,0.001368,True,True,True
26.5,88.75,False,October,25,95,2.1972,0.028009,0.3348,0.0425,False,0.028009,True,False,False
26.5,88.75,False,November,25,56,1.2845,0.198959,0.2774,0.2903,False,0.198959,False,False,False
26.5,88.75,False,December,25,29,0.6546,0.512729,0.1975,0.2578,False,0.512729,False,False,False
26.5,88.75,False,Annual,25,-28,-0.6309,0.528087,-0.0611,0.3998,True,0.535185,False,False,False
26.5,89.375,False,January,25,81,1.8689,0.061636,0.5625,-0.0373,False,0.061636,False,False,False
26.5,89.375,False,February,25,-35,-0.7943,0.427029,-0.2469,-0.004,False,0.427029,False,False,False
26.5,89.375,False,March,25,-20,-0.4437,0.657227,-0.1167,0.0363,False,0.657227,False,False,False
26.5,89.375,False,April,25,-56,-1.2845,0.198959,-0.4665,0.1246,False,0.198959,False,False,False
26.5,89.375,False,May,25,-92,-2.1253,0.033561,-0.8367,0.3509,False,0.033561,True,False,False
26.5,89.375,False,June,25,-35,-0.7943,0.427029,-0.2029,-0.212,False,0.427029,False,False,False
26.5,89.375,False,July,25,43,0.9824,0.325889,0.1063,0.1103,False,0.325889,False,False,False
26.5,89.375,False,August,25,6,0.1168,0.906988,0.0254,-0.0083,False,0.906988,False,False,False
26.5,89.375,False,September,25,143,3.3191,0.000903,0.4155,-0.1264,False,0.000903,True,True,True
26.5,89.375,False,October,25,109,2.5244,0.01159,0.3929,0.0897,False,0.01159,True,True,True
26.5,89.375,False,November,25,76,1.7516,0.079839,0.3431,0.3494,False,0.079839,False,False,False
26.5,89.375,False,December,25,60,1.3779,0.168221,0.2775,0.2646,False,0.168221,False,False,False
26.5,89.375,False,Annual,25,9,0.187,0.851666,0.0211,0.4466,True,0.823349,False,False,False
26.5,90.0,False,January,25,102,2.3589,0.018332,0.65,0.1135,False,0.018332,True,False,False
26.5,90.0,False,February,25,-23,-0.5139,0.607287,-0.1141,0.0199,False,0.607287,False,False,False
26.5,90.0,False,March,25,0,0.0,1.0,-0.0024,0.1007,False,1.0,False,False,False
26.5,90.0,False,April,25,-11,-0.2336,0.815285,-0.1107,0.2238,False,0.815285,False,False,False
26.5,90.0,False,May,25,-62,-1.4254,0.154033,-0.2586,0.3317,False,0.154033,False,False,False
26.5,90.0,False,June,25,5,0.0934,0.92555,0.0229,-0.2384,False,0.92555,False,False,False
26.5,90.0,False,July,25,50,1.145,0.252202,0.1525,0.0804,False,0.252202,False,False,False
26.5,90.0,False,August,25,8,0.1637,0.869996,0.0129,0.039,False,0.869996,False,False,False
26.5,90.0,False,September,25,138,3.2014,0.001368,0.4661,-0.1483,False,0.001368,True,True,True
26.5,90.0,False,October,25,137,3.1789,0.001478,0.5519,0.1705,False,0.001478,True,True,True
26.5,90.0,False,November,25,94,2.172,0.029855,0.5,0.3822,False,0.029855,True,False,False
26.5,90.0,False,December,25,88,2.0319,0.042166,0.5144,0.2402,False,0.042166,True,False,False
26.5,90.0,False,Annual,25,96,2.2199,0.026423,0.1958,0.5206,True,0.030929,True,False,False
26.5,90.625,False,January,25,111,2.5697,0.010177,0.695,0.2089,False,0.010177,True,True,True
26.5,90.625,False,February,25,19,0.4205,0.674117,0.138,0.061,False,0.674117,False,False,False
26.5,90.625,False,March,25,60,1.3779,0.168221,0.191,0.0764,False,0.168221,False,False,False
26.5,90.625,False,April,25,24,0.5372,0.591154,0.1317,0.1842,False,0.591154,False,False,False
26.5,90.625,False,May,25,3,0.0467,0.962734,0.0229,0.1982,False,0.962734,False,False,False
26.5,90.625,False,June,25,52,1.1924,0.233103,0.1634,-0.1,False,0.233103,False,False,False
26.5,90.625,False,July,25,47,1.0752,0.282281,0.1415,0.0535,False,0.282281,False,False,False
26.5,90.625,False,August,25,5,0.0934,0.92555,0.0177,0.142,False,0.92555,False,False,False
26.5,90.625,False,September,25,138,3.2014,0.001368,0.4899,-0.1632,False,0.001368,True,True,True
26.5,90.625,False,October,25,147,3.4108,0.000648,0.6116,0.2426,False,0.000648,True,True,True
26.5,90.625,False,November,25,110,2.5457,0.010906,0.6205,0.4051,True,0.001932,True,True,True
26.5,90.625,False,December,25,111,2.5697,0.010177,0.6763,0.2473,False,0.010177,True,True,True
26.5,90.625,False,Annual,25,131,3.037,0.00239,0.284,0.5903,True,0.004338,True,True,True
26.5,91.25,False,January,25,142,3.2931,0.000991,0.9962,0.1945,False,0.000991,True,True,True
26.5,91.25,False,February,25,49,1.1213,0.262141,0.3404,0.0769,False,0.262141,False,False,False
26.5,91.25,False,March,25,87,2.0091,0.044529,0.5519,-0.073,False,0.044529,True,False,False
26.5,91.25,False,April,25,78,1.7993,0.071969,0.3286,0.1422,False,0.071969,False,False,False
26.5,91.25,False,May,25,8,0.1635,0.870137,0.0464,0.1075,False,0.870137,False,False,False
26.5,91.25,False,June,25,92,2.128,0.033336,0.2432,-0.1539,False,0.033336,True,False,False
26.5,91.25,False,July,25,77,1.7755,0.075822,0.1767,0.059,False,0.075822,False,False,False
26.5,91.25,False,August,25,44,1.0043,0.315252,0.1156,0.1279,False,0.315252,False,False,False
26.5,91.25,False,September,25,159,3.6911,0.000223,0.5646,-0.1062,False,0.000223,True,True,True
26.5,91.25,False,October,25,156,3.62,0.000295,0.7367,0.1529,False,0.000295,True,True,True
26.5,91.25,False,November,25,127,2.9451,0.003228,0.792,0.1996,False,0.003228,True,True,True
26.5,91.25,False,December,25,136,3.1529,0.001616,0.8798,0.0245,False,0.001616,True,True,True
26.5,91.25,False,Annual,25,168,3.9053,9.4e-05,0.4179,0.4909,True,0.000565,True,True,True
26.5,91.875,False,January,25,142,3.2931,0.000991,0.9409,0.1313,False,0.000991,True,True,True
26.5,91.875,False,February,25,31,0.7008,0.483403,0.1463,-0.0242,False,0.483403,False,False,False
26.5,91.875,False,March,25,71,1.6353,0.101987,0.3842,-0.0097,False,0.101987,False,False,False
26.5,91.875,False,April,25,81,1.8689,0.061636,0.3611,0.1822,False,0.061636,False,False,False
26.5,91.875,False,May,25,16,0.3505,0.725952,0.1192,0.1022,False,0.725952,False,False,False
26.5,91.875,False,June,25,60,1.3787,0.167989,0.2059,-0.3128,False,0.167989,False,False,False
26.5,91.875,False,July,25,61,1.4017,0.161011,0.2334,0.0426,False,0.161011,False,False,False
26.5,91.875,False,August,25,25,0.561,0.574812,0.0625,0.1707,False,0.574812,False,False,False
26.5,91.875,False,September,25,161,3.7378,0.000186,0.5036,-0.0511,False,0.000186,True,True,True
26.5,91.875,False,October,25,143,3.3173,0.000909,0.6067,0.1107,False,0.000909,True,True,True
26.5,91.875,False,November,25,116,2.6858,0.007235,0.7205,0.162,False,0.007235,True,True,True
26.5,91.875,False,December,25,128,2.9661,0.003016,0.8692,-0.0241,False,0.003016,True,True,True
26.5,91.875,False,Annual,25,144,3.3398,0.000839,0.4107,0.3104,False,0.000839,True,True,True
26.5,92.5,False,January,25,141,3.2706,0.001073,0.9293,0.1412,False,0.001073,True,True,True
26.5,92.5,False,February,25,30,0.6777,0.497985,0.225,-0.067,False,0.497985,False,False,False
26.5,92.5,False,March,25,49,1.1213,0.262141,0.2641,0.0182,False,0.262141,False,False,False
26.5,92.5,False,April,25,90,2.0786,0.037655,0.4065,0.0594,False,0.037655,True,False,False
26.5,92.5,False,May,25,30,0.6777,0.497985,0.1575,-0.0492,False,0.497985,False,False,False
26.5,92.5,False,June,25,46,1.051,0.293271,0.193,-0.3056,False,0.293271,False,False,False
26.5,92.5,False,July,25,59,1.3559,0.175117,0.2317,0.1068,False,0.175117,False,False,False
26.5,92.5,False,August,25,4,0.0702,0.944071,0.0033,0.1879,False,0.944071,False,False,False
26.5,92.5,False,September,25,162,3.7601,0.00017,0.5345,0.1593,False,0.00017,True,True,True
26.5,92.5,False,October,25,130,3.0128,0.002589,0.65,0.1181,False,0.002589,True,True,True
26.5,92.5,False,November,25,117,2.7099,0.00673,0.7667,0.2569,False,0.00673,True,True,True
26.5,92.5,False,December,25,119,2.7566,0.00584,0.7023,0.0433,False,0.00584,True,True,True
26.5,92.5,False,Annual,25,128,2.9661,0.003016,0.4213,0.2508,False,0.003016,True,True,True
